Member_ID,Gender,Age,Weight_kg,Membership_Type,Weekly_Visits,Session_Duration_mins,Churn
1001,M,64,87.6,Basic,2,51.0,1
1002,F,29,44.0,Standard,4,54.0,0
1003,M,33,73.1,Basic,1,58.0,1
1004,M,41,81.4,Basic,3,62.0,0
1005,M,36,75.7,Basic,6,74.0,0
1006,F,25,79.5,Basic,5,51.0,0
1007,M,48,70.9,Basic,1,63.0,1
1008,M,38,58.8,Basic,0,59.0,1
1009,M,34,44.5,Premium,5,41.0,0
1010,F,40,60.3,Basic,6,58.0,0
1011,M,54,110.2,Basic,1,57.0,0
1012,M,33,62.7,Basic,1,57.0,1
1013,M,23,40.6,Basic,1,61.0,1
1014,M,25,81.0,Premium,1,62.0,0
1015,F,42,82.8,Basic,5,51.0,0
1016,M,35,,Premium,0,85.0,1
1017,F,42,77.1,Basic,6,37.0,0
1018,F,29,82.7,Standard,4,46.0,0
1019,F,32,97.6,Standard,2,116.0,0
1020,M,43,58.8,Premium,3,39.0,0
1021,F,58,55.8,Standard,6,33.0,0
1022,M,62,53.6,Standard,2,75.0,0
1023,F,43,66.0,Basic,2,18.0,0
1024,F,64,91.5,Basic,3,55.0,0
1025,F,49,77.9,Premium,6,103.0,0
1026,F,27,,Basic,5,29.0,0
1027,F,33,42.7,Basic,0,20.0,1
1028,F,24,59.6,Standard,3,30.0,0
1029,F,34,42.5,Basic,0,78.0,1
1030,F,40,87.6,Premium,5,82.0,0
1031,M,43,93.8,Standard,2,50.0,1
1032,M,38,81.7,Standard,0,74.0,1
1033,F,39,55.2,Premium,5,88.0,0
1034,F,24,92.2,Basic,5,96.0,0
1035,F,31,66.2,Basic,4,55.0,0
1036,M,32,51.8,Basic,3,14.0,0
1037,F,24,55.5,Basic,4,44.0,0
1038,M,26,63.5,Standard,2,51.0,0
1039,M,25,70.7,Premium,3,55.0,0
1040,M,40,67.6,Basic,2,56.0,1
1041,M,46,48.8,Basic,4,82.0,0
1042,M,35,88.2,Premium,6,85.0,0
1043,F,48,67.7,Basic,5,57.0,0
1044,F,47,59.3,Basic,2,82.0,0
1045,F,56,86.7,Basic,3,67.0,0
1046,F,52,52.2,Premium,3,61.0,0
1047,F,35,45.6,Standard,2,78.0,0
1048,M,59,89.1,Standard,3,61.0,0
1049,F,56,98.4,Premium,5,101.0,0
1050,F,34,63.1,Basic,6,31.0,0
1051,M,31,69.3,Basic,5,50.0,0
1052,F,48,52.8,Premium,3,57.0,0
1053,M,41,70.1,Basic,2,69.0,0
1054,F,52,62.9,Standard,4,85.0,0
1055,M,61,68.5,Premium,3,60.0,0
1056,F,62,76.1,Standard,3,32.0,0
1057,F,51,53.5,Standard,3,77.0,0
1058,M,20,64.6,Premium,3,75.0,0
1059,M,54,42.9,Premium,2,21.0,0
1060,M,60,64.7,Basic,4,60.0,0
1061,M,57,68.6,Basic,4,28.0,0
1062,M,43,73.4,Basic,0,47.0,1
1063,M,40,73.6,Standard,3,42.0,0
1064,M,61,83.6,Basic,3,76.0,0
1065,M,56,46.9,Standard,0,62.0,1
1066,F,32,47.7,Basic,4,34.0,0
1067,F,21,77.9,Standard,1,78.0,0
1068,M,46,39.4,Basic,5,31.0,0
1069,F,39,72.7,Standard,1,67.0,0
1070,F,42,52.3,Standard,4,44.0,0
1071,F,30,93.6,Basic,6,53.0,0
1072,F,35,,Basic,3,70.0,0
1073,M,50,66.7,Standard,1,70.0,0
1074,F,33,88.4,Basic,2,87.0,1
1075,M,62,54.0,Basic,2,58.0,0
1076,F,59,56.9,Premium,0,66.0,1
1077,F,61,51.1,Standard,4,51.0,0
1078,F,19,57.0,Premium,4,64.0,0
1079,M,52,70.9,Basic,1,69.0,1
1080,F,59,77.4,Basic,3,58.0,0
1081,M,51,84.4,Premium,4,24.0,0
1082,F,47,42.6,Standard,1,,1
1083,M,30,67.4,Standard,1,67.0,1
1084,F,30,53.4,Basic,5,46.0,0
1085,M,35,66.9,Basic,5,34.0,0
1086,M,49,105.0,Basic,4,90.0,0
1087,F,49,74.4,Basic,1,70.0,1
1088,M,52,83.5,Basic,0,55.0,1
1089,F,56,99.4,Basic,0,37.0,1
1090,F,63,86.9,Premium,5,44.0,0
1091,F,46,63.3,Basic,4,86.0,0
1092,F,46,50.9,Standard,3,63.0,0
1093,F,61,69.5,Premium,6,49.0,0
1094,F,33,61.5,Standard,0,70.0,1
1095,F,61,47.1,Basic,0,44.0,1
1096,F,64,73.6,Standard,5,90.0,0
1097,F,27,74.0,Standard,5,87.0,0
1098,F,47,96.5,Standard,4,51.0,0
1099,F,42,64.6,Standard,5,47.0,0
1100,M,56,74.2,Premium,2,8.0,0
1101,M,37,60.0,Standard,6,30.0,0
1102,F,22,83.1,Basic,1,33.0,1
1103,F,18,68.1,Standard,0,63.0,1
1104,F,47,52.4,Basic,2,53.0,0
1105,F,20,,Premium,3,33.0,0
1106,F,62,75.9,Basic,2,54.0,1
1107,F,31,73.8,Basic,4,70.0,0
1108,F,47,85.7,Premium,3,71.0,0
1109,F,21,48.3,Standard,3,22.0,0
1110,M,35,57.4,Basic,5,57.0,0
1111,F,54,79.6,Basic,2,32.0,1
1112,M,42,59.1,Premium,4,78.0,0
1113,F,18,73.6,Basic,0,76.0,1
1114,F,63,33.7,Premium,6,42.0,0
1115,M,32,110.7,Basic,5,45.0,0
1116,F,26,66.0,Standard,2,51.0,0
1117,M,32,87.9,Premium,0,15.0,1
1118,F,41,64.9,Basic,2,67.0,0
1119,F,21,76.2,Basic,5,55.0,0
1120,M,29,92.4,Basic,0,79.0,1
1121,F,54,87.5,Standard,5,38.0,0
1122,M,54,66.9,Standard,2,48.0,0
1123,F,60,68.0,Standard,3,30.0,0
1124,M,23,85.1,Basic,6,40.0,0
1125,M,56,105.0,Basic,1,36.0,1
1126,F,63,72.9,Basic,6,80.0,0
1127,F,41,99.4,Basic,3,46.0,0
1128,M,28,66.4,Standard,5,62.0,0
1129,F,30,84.3,Premium,6,52.0,0
1130,F,51,86.5,Standard,5,35.0,0
1131,F,42,63.9,Basic,5,57.0,0
1132,M,24,58.8,Premium,0,72.0,1
1133,M,21,87.2,Standard,4,36.0,0
1134,M,25,62.0,Premium,5,76.0,0
1135,M,37,56.6,Standard,6,43.0,0
1136,M,46,59.7,Basic,6,50.0,0
1137,M,62,62.0,Basic,6,71.0,0
1138,M,63,82.8,Standard,3,47.0,0
1139,M,27,77.7,Basic,1,61.0,1
1140,M,60,80.7,Basic,5,54.0,0
1141,F,51,76.3,Standard,5,63.0,0
1142,M,43,,Standard,5,12.0,0
1143,F,58,80.5,Standard,0,23.0,1
1144,F,20,87.7,Basic,5,72.0,0
1145,F,23,78.8,Basic,3,81.0,0
1146,M,22,76.7,Standard,2,42.0,1
1147,M,22,58.5,Premium,4,55.0,0
1148,M,64,73.2,Standard,6,66.0,0
1149,M,40,57.7,Premium,5,74.0,0
1150,F,26,69.6,Standard,0,19.0,1
1151,M,52,45.4,Standard,3,42.0,0
1152,M,37,45.5,Basic,5,53.0,0
1153,M,59,,Standard,0,74.0,0
1154,M,52,61.8,Standard,2,110.0,0
1155,M,35,71.6,Standard,1,55.0,1
1156,F,34,68.0,Basic,5,32.0,0
1157,M,41,70.5,Standard,3,68.0,0
1158,F,20,79.1,Basic,0,86.0,1
1159,M,49,63.1,Standard,0,62.0,1
1160,F,52,66.7,Basic,5,42.0,0
1161,M,55,91.8,Premium,0,79.0,1
1162,M,30,70.0,Basic,1,73.0,1
1163,F,64,67.3,Basic,0,39.0,1
1164,F,42,71.2,Basic,6,68.0,0
1165,F,26,67.6,Standard,4,,0
1166,M,21,59.4,Basic,6,84.0,0
1167,F,31,55.0,Basic,4,59.0,0
1168,M,54,58.5,Standard,0,53.0,1
1169,M,51,83.1,Basic,5,85.0,0
1170,F,28,60.6,Premium,4,36.0,0
1171,F,58,67.7,Premium,3,69.0,0
1172,M,20,80.5,Standard,4,33.0,0
1173,M,45,65.8,Basic,6,81.0,0
1174,F,46,79.5,Standard,0,55.0,1
1175,F,26,46.9,Basic,5,85.0,0
1176,F,20,68.0,Basic,2,70.0,1
1177,M,42,71.2,Basic,5,36.0,0
1178,M,51,70.3,Premium,5,88.0,0
1179,M,29,45.2,Basic,5,91.0,0
1180,M,59,,Standard,3,78.0,0
1181,M,26,57.2,Standard,1,45.0,1
1182,M,32,75.0,Basic,6,54.0,0
1183,F,57,70.1,Basic,0,63.0,1
1184,M,42,85.1,Premium,1,46.0,0
1185,M,22,102.8,Standard,2,94.0,0
1186,M,28,50.6,Standard,1,63.0,0
1187,F,51,60.3,Basic,0,6.0,1
1188,M,41,72.8,Basic,6,67.0,0
1189,M,32,53.4,Basic,6,,0
1190,F,55,81.7,Basic,0,59.0,1
1191,M,25,82.7,Basic,2,53.0,1
1192,M,22,78.4,Premium,0,76.0,1
1193,M,43,73.5,Basic,2,82.0,1
1194,M,35,,Basic,2,66.0,1
1195,M,23,52.7,Standard,0,53.0,1
1196,F,54,71.0,Standard,4,59.0,0
1197,F,30,58.9,Basic,6,60.0,0
1198,F,45,83.3,Standard,2,44.0,0
1199,M,22,42.5,Basic,0,72.0,1
1200,M,30,69.6,Basic,4,69.0,0
1201,M,34,75.0,Basic,6,91.0,0
1202,F,57,55.8,Premium,2,85.0,0
1203,M,62,60.6,Basic,6,46.0,0
1204,M,49,70.2,Basic,4,76.0,0
1205,F,46,84.3,Basic,6,41.0,0
1206,M,20,54.5,Premium,3,74.0,0
1207,F,57,57.1,Basic,5,50.0,0
1208,F,51,86.9,Basic,3,40.0,0
1209,F,57,65.9,Basic,4,66.0,0
1210,M,44,58.3,Basic,2,7.0,1
1211,M,30,80.9,Standard,0,25.0,1
1212,M,62,62.7,Standard,1,56.0,1
1213,M,50,85.4,Basic,0,62.0,1
1214,M,23,60.0,Basic,6,53.0,0
1215,M,41,67.6,Basic,1,28.0,1
1216,M,36,84.2,Basic,1,44.0,1
1217,F,33,66.6,Basic,6,68.0,0
1218,M,57,81.3,Standard,6,72.0,0
1219,F,45,69.0,Premium,2,60.0,0
1220,M,50,99.7,Premium,4,83.0,0
1221,M,58,93.5,Premium,0,68.0,1
1222,M,30,50.1,Standard,4,45.0,0
1223,F,60,77.8,Standard,3,54.0,0
1224,F,62,57.8,Basic,2,32.0,1
1225,F,42,72.9,Standard,2,58.0,0
1226,F,59,71.0,Basic,3,82.0,0
1227,M,53,54.2,Basic,0,74.0,1
1228,F,44,85.9,Standard,5,88.0,0
1229,M,55,73.0,Basic,3,54.0,0
1230,M,24,65.7,Basic,0,87.0,1
1231,F,22,63.4,Premium,1,56.0,0
1232,F,60,72.1,Basic,6,89.0,0
1233,F,62,76.1,Basic,2,60.0,1
1234,F,48,68.1,Premium,0,74.0,1
1235,F,40,27.5,Standard,4,90.0,0
1236,F,59,70.3,Standard,6,56.0,0
1237,F,27,48.4,Basic,4,64.0,0
1238,F,49,66.9,Basic,6,86.0,0
1239,M,60,48.9,Premium,2,57.0,0
1240,F,47,48.8,Standard,3,34.0,0
1241,F,56,88.5,Standard,5,103.0,0
1242,M,48,65.2,Basic,3,51.0,0
1243,F,35,64.1,Basic,0,63.0,1
1244,M,53,77.2,Premium,3,83.0,0
1245,M,19,64.4,Basic,2,48.0,0
1246,F,31,101.6,Standard,0,40.0,1
1247,M,30,65.9,Basic,1,65.0,1
1248,M,46,75.5,Standard,3,24.0,0
1249,M,29,84.6,Premium,3,54.0,0
1250,M,56,94.0,Standard,5,65.0,0
1251,F,19,58.9,Basic,0,55.0,1
1252,M,49,63.7,Standard,4,29.0,0
1253,F,30,89.1,Standard,3,,0
1254,M,63,82.2,Basic,2,62.0,0
1255,M,44,86.1,Premium,3,89.0,0
1256,M,58,49.5,Standard,5,55.0,0
1257,M,34,93.2,Premium,1,42.0,1
1258,F,57,58.6,Standard,5,65.0,0
1259,F,48,72.9,Basic,3,56.0,0
1260,M,51,67.8,Basic,4,36.0,0
1261,M,41,56.8,Basic,6,89.0,0
1262,F,62,48.8,Premium,3,48.0,0
1263,M,52,43.8,Standard,0,23.0,1
1264,M,23,71.8,Standard,3,87.0,0
1265,M,36,47.1,Basic,4,50.0,0
1266,F,47,53.0,Basic,0,48.0,1
1267,F,24,66.7,Standard,2,25.0,1
1268,F,27,30.4,Basic,0,95.0,1
1269,M,58,81.7,Basic,5,34.0,0
1270,M,49,33.9,Standard,1,61.0,1
1271,F,51,68.8,Basic,5,,0
1272,F,45,70.2,Basic,6,68.0,0
1273,F,32,78.1,Basic,0,59.0,1
1274,F,47,69.4,Basic,2,26.0,0
1275,M,54,100.3,Premium,3,44.0,0
1276,F,46,73.2,Basic,0,64.0,1
1277,M,39,85.8,Basic,5,44.0,0
1278,F,21,59.1,Basic,0,64.0,1
1279,M,37,71.8,Standard,0,74.0,1
1280,F,49,93.2,Basic,0,79.0,1
1281,F,53,66.4,Standard,2,35.0,0
1282,F,21,72.9,Basic,4,104.0,0
1283,F,44,84.7,Basic,4,75.0,0
1284,M,34,58.9,Basic,0,60.0,1
1285,F,29,37.6,Premium,2,82.0,0
1286,M,39,73.8,Premium,2,107.0,0
1287,M,34,84.8,Basic,6,31.0,0
1288,M,27,49.7,Standard,0,55.0,1
1289,M,18,80.1,Premium,5,12.0,0
1290,F,39,80.2,Basic,5,,0
1291,M,43,35.9,Premium,1,67.0,0
1292,M,35,56.0,Basic,0,59.0,1
1293,M,31,64.1,Premium,1,47.0,0
1294,F,64,67.3,Standard,5,19.0,0
1295,F,46,58.9,Premium,5,67.0,0
1296,F,29,58.0,Standard,0,89.0,1
1297,F,53,95.1,Basic,1,48.0,1
1298,M,52,,Premium,1,69.0,1
1299,M,29,59.6,Basic,0,29.0,1
1300,F,24,69.4,Basic,6,69.0,0
1301,M,46,78.1,Standard,1,52.0,0
1302,M,28,70.8,Standard,6,45.0,0
1303,M,50,66.9,Premium,3,45.0,0
1304,F,23,60.2,Basic,5,52.0,0
1305,F,64,60.1,Standard,4,68.0,0
1306,M,32,61.0,Standard,6,34.0,0
1307,F,49,75.1,Basic,6,52.0,0
1308,F,28,55.1,Basic,6,59.0,0
1309,F,40,75.9,Basic,2,38.0,0
1310,F,43,91.2,Basic,1,96.0,1
1311,F,51,74.9,Premium,1,43.0,0
1312,M,63,64.5,Standard,2,47.0,0
1313,F,51,50.5,Standard,1,40.0,1
1314,M,46,93.7,Premium,2,96.0,0
1315,M,21,52.4,Basic,6,71.0,0
1316,F,34,82.7,Premium,0,41.0,1
1317,M,52,79.6,Basic,3,82.0,0
1318,M,30,66.4,Premium,6,64.0,0
1319,M,58,66.1,Basic,3,65.0,0
1320,F,56,42.5,Premium,5,53.0,0
1321,F,32,75.0,Basic,6,45.0,0
1322,M,46,79.3,Basic,4,67.0,0
1323,F,46,,Standard,1,49.0,0
1324,F,28,67.7,Basic,4,96.0,0
1325,F,49,70.6,Standard,0,35.0,1
1326,F,19,78.8,Basic,3,91.0,0
1327,M,64,70.1,Standard,6,58.0,0
1328,M,31,45.6,Basic,0,66.0,1
1329,F,37,62.1,Basic,0,77.0,1
1330,F,39,73.4,Basic,1,47.0,1
1331,M,28,82.6,Basic,0,77.0,1
1332,M,44,60.7,Basic,6,6.0,0
1333,F,20,102.8,Basic,6,46.0,0
1334,M,34,41.6,Basic,3,42.0,0
1335,F,61,61.5,Basic,6,35.0,0
1336,F,45,68.8,Standard,4,56.0,0
1337,M,46,67.0,Premium,3,68.0,0
1338,M,38,51.5,Basic,1,74.0,1
1339,F,64,76.7,Standard,3,65.0,0
1340,F,33,75.6,Standard,2,47.0,0
1341,M,54,70.7,Basic,4,67.0,0
1342,F,37,75.0,Standard,2,62.0,0
1343,M,23,63.6,Basic,2,79.0,0
1344,F,36,45.7,Standard,5,76.0,0
1345,M,22,59.3,Basic,6,61.0,0
1346,M,20,72.4,Standard,1,42.0,1
1347,M,18,72.4,Standard,0,47.0,1
1348,F,55,70.6,Basic,2,49.0,1
1349,F,32,78.2,Basic,3,54.0,0
1350,M,51,61.3,Premium,0,65.0,1
1351,F,52,70.4,Basic,3,74.0,0
1352,M,42,78.6,Standard,3,59.0,0
1353,M,41,68.7,Premium,0,60.0,1
1354,F,29,51.4,Standard,0,63.0,1
1355,F,35,55.6,Standard,6,50.0,0
1356,M,32,82.5,Standard,3,41.0,0
1357,F,61,90.9,Premium,1,25.0,0
1358,F,33,87.6,Basic,6,46.0,0
1359,M,44,73.5,Basic,4,69.0,0
1360,M,25,52.0,Basic,5,46.0,0
1361,F,63,69.9,Premium,4,55.0,0
1362,M,42,93.4,Standard,1,69.0,1
1363,M,34,79.3,Basic,6,70.0,0
1364,F,46,66.9,Premium,5,38.0,0
1365,M,25,79.4,Basic,6,80.0,0
1366,M,32,51.0,Basic,0,83.0,1
1367,F,44,59.6,Standard,5,37.0,0
1368,F,63,53.7,Basic,3,44.0,1
1369,M,24,77.0,Premium,4,84.0,0
1370,M,20,80.7,Basic,5,57.0,0
1371,F,46,67.7,Premium,3,16.0,0
1372,F,61,56.9,Standard,6,32.0,0
1373,F,41,,Basic,1,55.0,0
1374,F,20,62.7,Premium,5,37.0,0
1375,M,37,58.1,Standard,3,52.0,0
1376,F,63,75.1,Basic,6,61.0,0
1377,F,32,58.6,Basic,6,89.0,0
1378,M,42,46.5,Premium,6,54.0,0
1379,F,47,49.8,Basic,1,81.0,1
1380,M,31,46.0,Basic,0,89.0,1
1381,F,24,73.7,Basic,1,89.0,1
1382,F,34,72.3,Basic,1,66.0,1
1383,F,61,71.5,Standard,4,21.0,0
1384,M,37,78.8,Basic,6,,0
1385,M,53,87.9,Basic,3,81.0,0
1386,F,26,61.1,Basic,5,58.0,0
1387,M,55,76.1,Basic,4,95.0,0
1388,M,39,46.3,Premium,6,,0
1389,M,19,,Basic,2,71.0,0
1390,M,41,51.3,Premium,1,82.0,0
1391,M,25,59.3,Basic,2,67.0,0
1392,M,28,61.0,Basic,6,10.0,0
1393,F,30,47.1,Premium,4,50.0,0
1394,F,34,70.5,Basic,3,84.0,0
1395,M,25,73.2,Standard,4,44.0,0
1396,F,38,67.2,Premium,3,56.0,0
1397,F,35,46.9,Basic,3,39.0,0
1398,F,47,99.8,Basic,6,96.0,0
1399,F,35,78.2,Standard,0,94.0,1
1400,M,63,109.5,Basic,6,42.0,0
1401,F,64,57.9,Basic,1,63.0,1
1402,F,48,84.4,Basic,4,46.0,0
1403,M,55,81.7,Basic,3,72.0,0
1404,M,49,,Standard,6,70.0,0
1405,F,28,91.2,Basic,6,76.0,0
1406,F,62,63.9,Basic,4,67.0,0
1407,F,42,64.6,Standard,4,119.0,0
1408,F,50,17.9,Basic,3,39.0,1
1409,F,55,76.1,Basic,5,26.0,0
1410,F,58,50.1,Standard,2,52.0,0
1411,M,25,61.7,Basic,1,29.0,1
1412,F,28,54.6,Standard,1,30.0,0
1413,F,39,64.5,Premium,5,40.0,0
1414,M,41,76.7,Basic,0,,1
1415,M,58,70.2,Standard,5,41.0,0
1416,M,34,80.6,Basic,0,70.0,1
1417,M,29,89.0,Basic,0,50.0,1
1418,F,63,64.5,Premium,5,56.0,0
1419,F,49,62.8,Premium,1,78.0,0
1420,F,32,84.4,Basic,2,45.0,0
1421,F,33,85.6,Standard,1,55.0,0
1422,F,39,81.1,Premium,6,67.0,0
1423,F,45,55.7,Premium,1,21.0,1
1424,M,37,76.3,Standard,1,12.0,1
1425,F,50,71.6,Basic,5,67.0,0
1426,M,27,85.8,Basic,5,70.0,0
1427,M,57,61.4,Premium,6,101.0,0
1428,F,49,45.0,Basic,6,63.0,0
1429,M,50,80.4,Standard,5,76.0,0
1430,F,19,31.6,Basic,1,56.0,1
1431,M,50,59.0,Basic,2,66.0,1
1432,F,50,54.7,Basic,0,93.0,1
1433,M,58,54.6,Premium,4,18.0,0
1434,F,30,58.8,Basic,0,68.0,1
1435,F,47,88.3,Standard,6,103.0,0
1436,F,50,82.3,Basic,6,66.0,0
1437,F,30,66.2,Basic,0,93.0,1
1438,F,43,87.0,Basic,4,47.0,0
1439,M,39,54.1,Standard,1,59.0,1
1440,M,56,52.0,Basic,2,61.0,0
1441,M,19,83.0,Basic,2,16.0,1
1442,F,55,78.7,Basic,0,37.0,1
1443,M,56,63.1,Basic,4,38.0,0
1444,F,43,53.0,Premium,6,76.0,0
1445,F,63,91.9,Premium,3,77.0,0
1446,M,32,44.2,Basic,1,66.0,1
1447,M,51,61.0,Standard,0,76.0,1
1448,F,59,73.4,Premium,2,57.0,0
1449,M,61,97.0,Basic,6,84.0,0
1450,F,57,75.7,Premium,5,60.0,0
1451,F,28,77.2,Premium,5,61.0,0
1452,F,20,61.5,Basic,4,55.0,0
1453,F,23,78.5,Basic,4,74.0,0
1454,F,26,71.6,Premium,0,52.0,1
1455,M,23,46.2,Standard,3,80.0,0
1456,M,26,81.9,Basic,2,37.0,1
1457,F,56,84.6,Basic,0,38.0,1
1458,F,48,82.1,Basic,3,74.0,0
1459,M,49,70.5,Standard,6,58.0,0
1460,M,58,55.7,Standard,4,51.0,0
1461,F,29,35.4,Premium,5,78.0,0
1462,M,25,72.4,Basic,1,48.0,1
1463,F,25,86.2,Standard,6,56.0,0
1464,M,45,84.9,Standard,5,88.0,0
1465,F,37,82.2,Basic,2,91.0,0
1466,M,64,68.9,Basic,2,91.0,0
1467,F,24,86.3,Premium,5,54.0,0
1468,M,28,83.9,Premium,6,85.0,0
1469,M,37,63.7,Basic,5,41.0,0
1470,F,33,80.1,Standard,3,42.0,0
1471,M,21,,Basic,0,13.0,1
1472,F,23,78.1,Standard,4,93.0,0
1473,M,39,50.5,Standard,3,43.0,0
1474,F,43,51.7,Standard,1,57.0,1
1475,M,20,85.9,Premium,5,42.0,0
1476,F,58,84.1,Standard,1,74.0,1
1477,M,59,79.5,Basic,1,52.0,1
1478,F,31,71.3,Standard,3,34.0,0
1479,M,28,34.1,Basic,4,69.0,0
1480,F,35,68.9,Basic,6,31.0,0
1481,F,29,76.8,Basic,2,43.0,1
1482,F,40,62.0,Basic,0,18.0,1
1483,M,29,59.3,Standard,2,32.0,0
1484,F,30,91.7,Basic,4,64.0,0
1485,M,42,69.1,Standard,2,21.0,0
1486,F,62,76.8,Standard,5,30.0,0
1487,M,36,81.6,Basic,5,60.0,0
1488,F,63,55.0,Premium,3,49.0,0
1489,M,53,72.9,Basic,1,100.0,1
1490,M,62,89.8,Basic,4,97.0,0
1491,F,25,97.3,Standard,4,43.0,0
1492,M,46,70.6,Basic,2,71.0,1
1493,M,49,,Basic,3,75.0,0
1494,F,61,74.0,Standard,2,48.0,1
1495,M,35,73.7,Standard,2,30.0,1
1496,M,23,90.8,Basic,4,60.0,0
1497,M,35,55.1,Premium,2,57.0,0
1498,F,36,65.8,Standard,1,51.0,1
1499,M,39,53.2,Premium,2,69.0,0
1500,F,54,54.8,Basic,1,45.0,1
1501,M,49,75.6,Standard,4,37.0,0
1502,M,58,82.1,Premium,3,62.0,0
1503,M,20,60.3,Standard,5,68.0,0
1504,F,45,81.6,Standard,1,36.0,1
1505,M,27,86.7,Basic,3,79.0,0
1506,M,52,99.0,Basic,3,25.0,1
1507,F,46,71.0,Basic,1,48.0,1
1508,M,32,60.4,Basic,4,55.0,0
1509,F,50,55.0,Premium,0,47.0,1
1510,F,24,53.5,Basic,3,49.0,0
1511,M,29,88.7,Premium,3,97.0,0
1512,F,47,47.3,Premium,4,43.0,0
1513,M,38,88.3,Basic,4,109.0,0
1514,F,48,57.0,Basic,2,69.0,1
1515,F,41,59.7,Premium,4,62.0,0
1516,M,37,67.7,Premium,3,70.0,0
1517,F,54,59.4,Basic,1,111.0,1
1518,F,21,84.0,Basic,0,40.0,1
1519,F,45,97.2,Standard,6,38.0,0
1520,F,61,60.1,Standard,2,45.0,1
1521,F,37,63.5,Basic,6,61.0,0
1522,M,41,67.6,Standard,1,25.0,1
1523,F,49,78.1,Basic,0,60.0,1
1524,M,58,67.7,Basic,0,94.0,1
1525,F,53,90.8,Basic,0,63.0,1
1526,M,51,87.2,Basic,5,54.0,0
1527,M,53,52.2,Basic,1,48.0,1
1528,F,19,77.8,Basic,2,78.0,1
1529,F,32,92.8,Basic,2,43.0,0
1530,F,51,62.6,Basic,0,97.0,1
1531,M,53,65.6,Basic,1,99.0,1
1532,F,23,62.1,Premium,5,65.0,0
1533,M,56,62.4,Basic,0,60.0,1
1534,M,59,45.0,Basic,4,81.0,0
1535,M,29,50.1,Standard,6,82.0,0
1536,F,20,71.2,Premium,2,44.0,0
1537,F,62,92.7,Basic,6,49.0,0
1538,M,35,60.8,Standard,3,34.0,0
1539,M,57,60.4,Standard,0,68.0,1
1540,F,38,95.5,Standard,4,73.0,0
1541,M,32,53.4,Basic,2,33.0,1
1542,F,50,45.1,Standard,6,51.0,0
1543,M,52,57.6,Basic,5,33.0,0
1544,F,43,60.1,Standard,1,42.0,1
1545,M,25,43.8,Standard,2,71.0,0
1546,F,53,68.1,Basic,6,45.0,0
1547,M,47,84.2,Premium,1,54.0,0
1548,F,40,50.7,Basic,6,27.0,0
1549,F,59,71.3,Premium,1,64.0,1
1550,M,61,75.9,Basic,5,59.0,0
1551,M,31,68.7,Basic,5,45.0,0
1552,F,31,72.8,Basic,0,56.0,1
1553,M,19,73.0,Premium,0,64.0,0
1554,F,54,57.8,Basic,2,44.0,0
1555,M,22,92.5,Basic,5,30.0,0
1556,F,55,88.7,Basic,4,96.0,0
1557,F,62,87.8,Standard,6,47.0,0
1558,F,58,85.2,Standard,6,58.0,0
1559,F,64,46.4,Basic,6,80.0,0
1560,F,31,83.9,Basic,2,131.0,0
1561,F,56,79.8,Basic,6,35.0,0
1562,M,42,47.0,Basic,3,69.0,0
1563,M,37,66.8,Basic,1,46.0,1
1564,M,19,74.2,Standard,6,49.0,0
1565,F,56,95.0,Basic,1,46.0,1
1566,F,23,80.9,Basic,0,37.0,1
1567,F,34,57.0,Basic,6,59.0,0
1568,F,42,95.4,Premium,4,31.0,0
1569,M,45,70.7,Premium,5,79.0,0
1570,M,19,66.2,Premium,5,61.0,0
1571,F,52,65.1,Basic,0,68.0,1
1572,M,54,45.6,Basic,3,51.0,0
1573,M,22,68.4,Basic,2,53.0,1
1574,F,18,77.5,Basic,2,66.0,1
1575,M,57,64.2,Standard,4,37.0,0
1576,F,29,76.3,Standard,0,53.0,1
1577,M,53,57.0,Premium,0,43.0,1
1578,F,62,67.9,Premium,3,42.0,0
1579,F,40,74.7,Basic,6,18.0,0
1580,F,64,72.8,Standard,2,87.0,0
1581,F,48,45.9,Basic,6,46.0,0
1582,M,28,63.4,Basic,0,83.0,1
1583,F,27,95.2,Standard,6,81.0,0
1584,F,20,62.6,Basic,5,34.0,0
1585,F,31,70.2,Basic,4,38.0,0
1586,M,33,68.7,Basic,2,111.0,0
1587,F,27,93.5,Standard,3,95.0,0
1588,M,46,89.4,Standard,4,59.0,0
1589,F,27,82.1,Basic,1,65.0,0
1590,M,29,55.4,Premium,5,47.0,0
1591,M,47,75.4,Basic,3,69.0,0
1592,F,58,78.5,Basic,4,46.0,0
1593,M,18,59.5,Standard,0,19.0,1
1594,F,22,56.9,Standard,1,34.0,1
1595,F,37,95.6,Premium,3,60.0,0
1596,F,25,65.5,Basic,0,37.0,1
1597,M,60,94.2,Standard,5,59.0,0
1598,M,29,85.0,Standard,1,39.0,1
1599,F,18,76.1,Premium,2,44.0,0
1600,F,37,76.8,Basic,0,,1
1601,M,45,49.0,Standard,4,65.0,0
1602,F,60,73.1,Standard,6,60.0,0
1603,F,54,91.3,Basic,3,78.0,0
1604,F,64,80.2,Basic,1,70.0,1
1605,M,54,72.3,Basic,0,89.0,1
1606,M,29,95.7,Standard,2,51.0,0
1607,M,54,67.2,Premium,6,51.0,0
1608,F,61,60.7,Standard,3,34.0,0
1609,F,45,72.3,Standard,3,51.0,0
1610,F,64,81.5,Standard,0,79.0,0
1611,M,32,,Basic,2,86.0,0
1612,F,23,74.3,Basic,5,79.0,0
1613,F,61,82.2,Basic,6,24.0,0
1614,F,37,66.0,Basic,5,82.0,0
1615,F,31,86.6,Basic,1,23.0,1
1616,M,19,79.6,Standard,0,78.0,1
1617,M,26,102.1,Basic,6,53.0,0
1618,F,54,58.7,Basic,1,74.0,1
1619,M,37,82.5,Basic,5,33.0,0
1620,M,43,54.7,Basic,6,83.0,0
1621,F,46,45.8,Premium,3,31.0,0
1622,F,18,39.5,Premium,1,47.0,0
1623,M,52,78.1,Standard,2,40.0,0
1624,F,23,72.8,Basic,4,25.0,0
1625,M,54,62.8,Standard,5,62.0,0
1626,F,22,43.4,Premium,5,96.0,0
1627,M,50,59.6,Standard,2,113.0,0
1628,F,31,70.1,Basic,6,62.0,0
1629,M,29,81.9,Standard,6,82.0,0
1630,M,59,69.8,Premium,6,65.0,0
1631,M,37,73.8,Standard,1,70.0,0
1632,F,41,64.4,Standard,0,53.0,1
1633,M,60,96.2,Basic,3,64.0,0
1634,M,51,54.7,Standard,4,71.0,0
1635,F,42,59.5,Basic,0,48.0,1
1636,F,46,62.6,Standard,0,58.0,1
1637,M,56,78.1,Basic,2,59.0,0
1638,M,48,54.4,Basic,1,77.0,0
1639,F,64,72.0,Basic,5,39.0,0
1640,F,60,72.5,Standard,5,59.0,0
1641,F,40,59.6,Basic,2,98.0,0
1642,F,61,74.9,Standard,1,83.0,0
1643,F,55,54.9,Standard,2,87.0,0
1644,M,37,53.2,Basic,5,60.0,0
1645,F,40,71.5,Basic,0,66.0,1
1646,M,62,45.1,Basic,3,80.0,0
1647,M,33,37.8,Premium,6,91.0,0
1648,M,59,78.0,Standard,1,21.0,1
1649,F,25,85.7,Basic,4,,0
1650,M,38,63.0,Basic,4,86.0,0
1651,M,18,60.0,Standard,0,54.0,1
1652,F,25,85.1,Premium,2,47.0,0
1653,M,46,52.8,Premium,2,35.0,0
1654,M,49,49.5,Standard,5,49.0,0
1655,F,55,80.6,Basic,0,32.0,1
1656,M,22,70.1,Basic,5,102.0,0
1657,M,64,86.0,Basic,5,60.0,0
1658,M,39,37.9,Basic,4,59.0,0
1659,F,64,49.0,Basic,5,72.0,0
1660,F,51,70.2,Basic,6,79.0,0
1661,F,18,76.3,Basic,5,79.0,0
1662,M,43,82.7,Premium,4,81.0,0
1663,M,60,72.6,Standard,6,47.0,0
1664,F,27,72.5,Premium,2,54.0,0
1665,M,47,64.2,Standard,1,75.0,0
1666,M,35,93.9,Basic,3,49.0,0
1667,F,34,53.5,Standard,5,60.0,0
1668,F,43,75.4,Basic,6,68.0,0
1669,M,25,55.2,Standard,1,76.0,0
1670,M,64,78.0,Basic,4,24.0,0
1671,M,57,54.4,Premium,1,74.0,0
1672,F,29,81.2,Basic,3,55.0,1
1673,F,44,71.7,Basic,1,74.0,1
1674,F,25,96.2,Premium,6,76.0,0
1675,F,42,65.8,Basic,1,92.0,1
1676,M,63,76.4,Standard,1,87.0,0
1677,F,21,58.3,Standard,1,87.0,0
1678,F,50,65.7,Premium,0,89.0,0
1679,F,18,71.6,Premium,5,66.0,0
1680,F,36,47.1,Premium,4,61.0,0
1681,F,48,48.7,Basic,3,77.0,1
1682,M,33,79.0,Premium,4,75.0,0
1683,M,31,67.8,Standard,0,54.0,1
1684,F,22,61.1,Standard,0,68.0,1
1685,M,58,58.9,Basic,6,59.0,0
1686,F,43,59.5,Standard,0,43.0,1
1687,F,45,71.7,Premium,5,86.0,0
1688,M,19,76.7,Premium,0,61.0,0
1689,M,23,38.6,Basic,1,101.0,1
1690,F,26,91.2,Basic,4,27.0,0
1691,F,50,90.1,Basic,2,49.0,1
1692,F,58,35.0,Premium,3,61.0,0
1693,M,42,86.3,Standard,0,,1
1694,F,30,85.8,Basic,4,68.0,0
1695,F,26,70.0,Basic,6,66.0,0
1696,F,30,50.5,Basic,0,37.0,1
1697,M,48,85.2,Basic,5,37.0,0
1698,F,58,66.4,Premium,0,66.0,1
1699,F,28,78.2,Standard,0,,1
1700,M,21,103.3,Basic,0,49.0,1
1701,F,51,73.8,Standard,6,70.0,0
1702,F,55,56.2,Basic,0,40.0,1
1703,M,63,65.0,Premium,3,92.0,0
1704,F,21,58.2,Basic,4,84.0,0
1705,M,55,76.5,Basic,5,29.0,0
1706,M,36,57.9,Basic,0,41.0,1
1707,F,23,62.9,Standard,0,14.0,1
1708,F,51,50.7,Standard,0,44.0,1
1709,F,35,68.0,Standard,0,75.0,1
1710,F,30,72.7,Basic,1,52.0,1
1711,M,58,29.7,Basic,1,69.0,1
1712,F,40,73.9,Basic,2,30.0,1
1713,M,36,69.3,Standard,0,76.0,1
1714,F,62,58.5,Basic,2,49.0,1
1715,F,28,100.4,Standard,3,60.0,0
1716,F,18,84.4,Premium,2,58.0,0
1717,M,41,53.6,Premium,4,35.0,0
1718,F,24,82.6,Basic,1,37.0,1
1719,F,42,88.7,Basic,1,,1
1720,F,38,72.0,Basic,0,68.0,1
1721,F,32,75.4,Standard,0,81.0,1
1722,M,18,75.1,Premium,3,66.0,0
1723,F,29,38.7,Basic,5,63.0,0
1724,M,24,67.2,Basic,3,25.0,0
1725,M,32,66.4,Premium,4,55.0,0
1726,M,38,91.5,Premium,0,59.0,1
1727,M,36,75.0,Basic,0,99.0,1
1728,M,46,65.5,Standard,3,74.0,0
1729,M,42,68.6,Basic,3,91.0,0
1730,F,50,85.4,Basic,3,72.0,0
1731,M,49,67.2,Premium,1,46.0,0
1732,M,52,59.5,Premium,2,62.0,0
1733,M,61,65.9,Standard,2,65.0,0
1734,F,55,84.1,Basic,0,41.0,1
1735,F,43,77.4,Premium,1,52.0,1
1736,M,28,70.7,Basic,3,56.0,0
1737,F,52,72.9,Basic,0,92.0,1
1738,M,25,,Standard,1,18.0,1
1739,M,63,67.1,Basic,4,84.0,0
1740,F,31,60.1,Standard,5,41.0,0
1741,M,27,65.6,Standard,1,33.0,1
1742,F,19,90.2,Basic,6,84.0,0
1743,F,63,53.8,Basic,0,75.0,1
1744,M,26,59.7,Basic,2,85.0,0
1745,M,20,51.2,Basic,6,76.0,0
1746,F,38,47.9,Standard,3,101.0,0
1747,M,43,67.2,Premium,5,71.0,0
1748,M,25,60.7,Basic,4,57.0,0
1749,M,19,96.4,Basic,5,67.0,0
1750,F,23,65.8,Standard,5,85.0,0
1751,F,45,89.3,Premium,1,44.0,0
1752,M,46,84.5,Basic,0,47.0,1
1753,F,43,66.9,Basic,0,54.0,1
1754,F,42,101.7,Standard,5,18.0,0
1755,F,29,74.0,Basic,3,63.0,0
1756,F,22,92.7,Basic,0,22.0,1
1757,F,51,90.9,Standard,5,61.0,0
1758,M,54,76.2,Standard,0,77.0,1
1759,M,32,81.3,Standard,3,50.0,0
1760,M,61,79.4,Standard,4,94.0,0
1761,F,53,52.8,Standard,6,31.0,0
1762,F,32,70.9,Basic,5,84.0,0
1763,M,60,86.1,Basic,2,74.0,0
1764,F,40,92.9,Basic,2,26.0,1
1765,M,23,59.2,Basic,5,114.0,0
1766,M,63,77.9,Standard,1,59.0,1
1767,M,61,72.3,Premium,4,42.0,0
1768,F,60,68.2,Premium,1,32.0,1
1769,F,62,75.3,Standard,6,56.0,0
1770,M,38,73.3,Basic,2,57.0,0
1771,M,40,78.1,Basic,3,62.0,0
1772,M,60,91.6,Premium,5,54.0,0
1773,M,33,81.8,Standard,6,73.0,0
1774,F,64,74.7,Standard,0,52.0,1
1775,F,32,98.0,Standard,2,21.0,0
1776,M,42,86.6,Standard,4,57.0,0
1777,M,53,68.6,Premium,2,13.0,0
1778,F,28,51.7,Basic,4,67.0,0
1779,F,32,55.2,Standard,4,40.0,0
1780,M,21,84.0,Premium,5,63.0,0
1781,M,38,60.5,Basic,4,86.0,0
1782,M,30,54.9,Standard,1,41.0,1
1783,F,39,58.6,Basic,6,81.0,0
1784,F,36,59.7,Premium,3,51.0,0
1785,F,51,82.8,Basic,2,95.0,0
1786,M,31,67.6,Standard,3,53.0,0
1787,M,21,49.4,Basic,6,43.0,0
1788,F,63,70.5,Standard,0,74.0,1
1789,F,44,73.3,Basic,6,51.0,0
1790,M,46,62.8,Basic,2,43.0,1
1791,F,64,87.3,Basic,3,,0
1792,F,45,63.7,Premium,3,59.0,0
1793,M,52,86.6,Basic,5,87.0,0
1794,F,25,79.0,Basic,5,21.0,0
1795,M,33,83.9,Standard,6,60.0,0
1796,M,59,53.5,Standard,6,72.0,0
1797,M,53,71.5,Premium,0,64.0,1
1798,M,47,69.2,Basic,4,86.0,0
1799,M,35,48.7,Standard,2,59.0,0
1800,M,19,86.6,Basic,5,56.0,0
1801,M,30,57.7,Basic,2,72.0,0
1802,F,21,60.9,Standard,0,,1
1803,M,43,54.8,Standard,5,,0
1804,M,42,80.5,Standard,5,70.0,0
1805,F,47,47.1,Basic,4,,0
1806,F,28,79.3,Basic,2,48.0,0
1807,F,24,85.7,Basic,2,49.0,1
1808,M,48,78.1,Premium,2,87.0,0
1809,F,61,80.7,Basic,4,-4.0,0
1810,M,27,81.4,Basic,5,68.0,0
1811,M,56,55.8,Basic,0,61.0,1
1812,M,30,91.5,Standard,2,26.0,0
1813,M,48,63.1,Basic,3,66.0,0
1814,F,24,69.0,Premium,4,70.0,0
1815,F,59,65.0,Basic,1,72.0,1
1816,M,59,77.4,Premium,0,7.0,1
1817,M,53,61.9,Basic,3,87.0,0
1818,M,37,71.0,Standard,2,45.0,0
1819,F,21,51.5,Premium,1,74.0,0
1820,M,24,87.5,Basic,0,75.0,1
1821,M,18,80.1,Premium,4,42.0,0
1822,F,61,65.6,Basic,1,73.0,1
1823,F,62,63.0,Premium,5,52.0,0
1824,M,59,79.7,Standard,6,19.0,0
1825,F,64,59.4,Basic,1,83.0,1
1826,F,30,71.9,Basic,6,44.0,0
1827,M,39,87.4,Basic,3,43.0,0
1828,F,38,57.8,Basic,0,52.0,1
1829,M,39,75.5,Basic,3,65.0,0
1830,F,45,74.7,Basic,3,59.0,0
1831,M,26,,Basic,2,71.0,0
1832,M,43,62.4,Standard,4,33.0,0
1833,M,26,88.2,Basic,1,45.0,1
1834,F,32,61.0,Basic,0,58.0,1
1835,M,27,42.8,Standard,5,98.0,0
1836,F,41,79.6,Basic,4,58.0,0
1837,M,59,52.0,Basic,4,82.0,0
1838,M,25,80.4,Basic,0,61.0,1
1839,F,41,90.0,Premium,4,50.0,0
1840,M,33,79.4,Premium,2,55.0,0
1841,M,43,86.1,Basic,4,57.0,0
1842,F,44,100.3,Standard,2,,0
1843,M,54,84.5,Standard,1,87.0,0
1844,M,21,75.0,Standard,1,,1
1845,M,41,94.5,Standard,3,84.0,0
1846,M,36,96.3,Standard,2,41.0,0
1847,F,53,96.5,Basic,5,52.0,0
1848,F,56,62.6,Basic,1,46.0,1
1849,M,27,49.7,Basic,4,66.0,0
1850,F,42,61.7,Premium,0,53.0,1
1851,M,35,80.6,Standard,0,75.0,1
1852,F,36,72.4,Premium,6,41.0,0
1853,M,53,66.9,Premium,2,61.0,0
1854,M,27,78.4,Basic,5,74.0,0
1855,M,50,47.9,Standard,3,19.0,1
1856,M,22,72.1,Standard,4,102.0,0
1857,M,64,86.8,Premium,2,54.0,0
1858,M,52,78.2,Premium,6,19.0,0
1859,F,61,80.4,Standard,0,63.0,1
1860,M,51,94.0,Basic,2,61.0,1
1861,F,50,69.0,Standard,4,58.0,0
1862,M,38,60.2,Basic,5,80.0,0
1863,F,34,87.8,Standard,5,75.0,0
1864,F,39,87.6,Premium,1,66.0,1
1865,F,54,78.4,Basic,4,69.0,0
1866,M,32,67.6,Standard,6,58.0,0
1867,M,52,70.0,Basic,1,96.0,1
1868,F,45,50.8,Basic,1,30.0,1
1869,M,24,86.7,Basic,1,63.0,0
1870,F,49,86.2,Standard,2,61.0,0
1871,M,28,50.3,Premium,6,76.0,0
1872,F,27,83.0,Premium,0,43.0,1
1873,F,26,76.1,Basic,5,25.0,0
1874,M,31,54.7,Premium,2,63.0,0
1875,F,30,51.9,Standard,0,,1
1876,M,42,75.6,Basic,5,90.0,0
1877,F,19,64.0,Basic,6,35.0,0
1878,F,52,97.3,Basic,6,83.0,0
1879,M,24,84.3,Premium,4,107.0,0
1880,M,38,77.1,Standard,5,52.0,0
1881,M,35,77.8,Standard,5,34.0,0
1882,F,20,90.0,Basic,6,52.0,0
1883,M,59,82.7,Standard,5,60.0,0
1884,F,56,77.5,Basic,3,71.0,0
1885,F,58,55.3,Basic,4,48.0,0
1886,M,28,115.9,Standard,2,91.0,0
1887,M,56,53.5,Basic,2,38.0,1
1888,F,41,65.3,Premium,0,25.0,1
1889,F,63,45.2,Basic,2,82.0,0
1890,M,36,78.1,Standard,1,15.0,1
1891,M,21,72.3,Basic,5,56.0,0
1892,M,43,81.5,Standard,2,122.0,0
1893,M,55,43.9,Basic,0,60.0,1
1894,M,59,86.7,Basic,0,38.0,1
1895,F,49,57.9,Premium,1,59.0,0
1896,F,56,67.8,Basic,0,59.0,1
1897,F,62,84.0,Premium,6,63.0,0
1898,F,63,73.9,Premium,3,73.0,0
1899,M,53,75.0,Basic,6,39.0,0
1900,M,57,82.0,Basic,5,94.0,0
1901,M,54,76.4,Standard,5,65.0,0
1902,F,50,64.9,Premium,5,75.0,0
1903,F,53,67.5,Premium,4,47.0,0
1904,M,20,73.2,Standard,2,86.0,0
1905,M,26,56.6,Standard,3,55.0,0
1906,F,25,84.9,Basic,2,66.0,1
1907,F,50,74.3,Premium,3,41.0,0
1908,M,23,71.1,Premium,2,40.0,0
1909,M,58,87.9,Basic,1,74.0,1
1910,F,56,68.2,Basic,6,51.0,0
1911,M,21,67.3,Basic,0,43.0,1
1912,M,30,62.7,Basic,0,47.0,1
1913,M,19,75.1,Premium,6,74.0,0
1914,F,22,74.6,Basic,1,47.0,1
1915,F,61,60.0,Basic,3,58.0,0
1916,F,44,67.3,Basic,6,60.0,0
1917,F,49,60.1,Premium,4,22.0,0
1918,F,38,59.4,Standard,3,31.0,0
1919,F,25,,Basic,0,67.0,1
1920,F,55,66.5,Basic,4,45.0,0
1921,M,25,44.5,Premium,2,81.0,0
1922,M,20,63.1,Premium,4,79.0,0
1923,M,61,60.8,Basic,3,74.0,0
1924,M,20,85.8,Basic,1,96.0,1
1925,M,39,54.8,Basic,2,58.0,1
1926,M,23,58.6,Basic,3,73.0,0
1927,M,19,,Standard,2,48.0,0
1928,F,40,61.3,Premium,4,109.0,0
1929,F,61,90.5,Basic,0,100.0,1
1930,M,19,52.9,Premium,3,60.0,0
1931,M,55,64.3,Basic,1,68.0,1
1932,F,34,75.0,Standard,6,87.0,0
1933,M,52,83.2,Standard,4,57.0,0
1934,M,51,64.3,Basic,3,47.0,0
1935,F,40,41.2,Basic,1,77.0,1
1936,M,47,67.7,Standard,3,62.0,0
1937,F,25,90.3,Basic,4,64.0,0
1938,M,39,74.2,Basic,3,43.0,0
1939,F,61,73.5,Standard,2,26.0,0
1940,F,53,54.1,Premium,4,65.0,0
1941,F,22,52.5,Basic,3,78.0,0
1942,M,30,70.3,Premium,6,55.0,0
1943,F,46,48.6,Basic,0,89.0,1
1944,M,48,81.7,Standard,3,46.0,0
1945,M,64,57.3,Standard,2,39.0,0
1946,M,33,69.6,Premium,1,59.0,0
1947,M,59,41.7,Basic,6,58.0,0
1948,F,47,64.1,Standard,1,75.0,1
1949,F,33,52.2,Standard,6,45.0,0
1950,M,29,35.2,Basic,1,87.0,1
1951,M,34,78.1,Basic,0,99.0,1
1952,F,33,94.6,Basic,2,59.0,0
1953,M,29,86.9,Basic,4,85.0,0
1954,F,25,80.2,Premium,1,39.0,1
1955,M,37,63.8,Basic,6,82.0,0
1956,M,20,82.1,Basic,2,81.0,0
1957,F,33,88.4,Standard,3,77.0,0
1958,M,47,72.1,Basic,0,60.0,1
1959,F,62,,Standard,2,1.0,1
1960,M,40,62.5,Basic,2,47.0,0
1961,M,45,95.5,Premium,4,47.0,0
1962,M,57,68.9,Premium,2,40.0,0
1963,F,22,20.1,Premium,4,62.0,0
1964,M,37,48.0,Basic,0,52.0,1
1965,M,57,63.6,Standard,0,44.0,1
1966,M,61,85.5,Basic,3,39.0,0
1967,M,18,65.9,Basic,4,46.0,0
1968,F,47,85.8,Basic,4,82.0,0
1969,F,38,62.1,Standard,1,47.0,1
1970,M,37,40.5,Basic,1,50.0,1
1971,F,23,62.6,Standard,3,51.0,0
1972,M,39,75.2,Basic,0,67.0,1
1973,M,35,73.9,Basic,5,69.0,0
1974,M,25,51.2,Standard,1,-1.0,1
1975,F,56,64.7,Basic,2,80.0,0
1976,F,49,110.3,Standard,0,89.0,1
1977,F,50,51.5,Basic,5,39.0,0
1978,F,33,79.9,Premium,2,41.0,0
1979,F,29,38.5,Standard,6,51.0,0
1980,F,55,83.0,Basic,4,45.0,0
1981,F,51,56.6,Basic,0,64.0,1
1982,F,31,76.0,Standard,6,21.0,0
1983,F,53,50.6,Premium,3,38.0,0
1984,M,50,74.4,Basic,4,91.0,0
1985,F,40,56.4,Basic,4,41.0,0
1986,F,62,59.3,Premium,2,85.0,0
1987,F,19,76.6,Standard,6,67.0,0
1988,F,58,63.5,Basic,4,24.0,0
1989,F,38,75.7,Basic,1,73.0,1
1990,F,19,67.1,Basic,0,,1
1991,F,44,71.0,Standard,1,51.0,1
1992,F,26,76.7,Basic,2,65.0,1
1993,F,18,64.7,Premium,5,69.0,0
1994,F,28,55.1,Basic,2,74.0,0
1995,F,20,62.0,Basic,0,84.0,1
1996,M,40,87.9,Standard,4,68.0,0
1997,M,43,71.7,Premium,6,32.0,0
1998,F,21,57.3,Premium,6,51.0,0
1999,F,35,76.0,Basic,3,119.0,0
2000,M,23,77.0,Standard,2,74.0,0
2001,F,52,77.8,Standard,0,107.0,1
2002,M,39,55.3,Basic,3,88.0,0
2003,M,60,59.8,Basic,4,65.0,0
2004,M,32,59.8,Basic,5,66.0,0
2005,M,39,64.6,Basic,2,59.0,0
2006,M,54,78.1,Premium,5,25.0,0
2007,F,59,74.4,Basic,0,60.0,1
2008,M,29,75.6,Premium,5,84.0,0
2009,F,64,90.3,Standard,5,48.0,0
2010,F,59,80.3,Standard,0,68.0,1
2011,M,55,67.9,Standard,0,77.0,1
2012,M,35,52.2,Basic,2,42.0,0
2013,F,62,59.3,Basic,5,51.0,0
2014,M,52,66.1,Basic,3,40.0,0
2015,M,47,82.4,Standard,0,44.0,1
2016,F,41,69.6,Basic,4,34.0,0
2017,F,59,60.2,Standard,5,42.0,0
2018,M,47,59.0,Basic,0,88.0,1
2019,F,31,69.0,Basic,3,42.0,0
2020,M,23,83.3,Basic,6,63.0,0
2021,M,20,93.9,Premium,2,50.0,0
2022,M,33,66.9,Standard,5,84.0,0
2023,F,24,69.3,Basic,6,86.0,0
2024,F,31,51.8,Standard,0,77.0,1
2025,F,26,99.1,Basic,0,66.0,1
2026,F,32,49.0,Premium,4,55.0,0
2027,F,38,87.6,Standard,4,36.0,0
2028,M,52,64.5,Basic,5,99.0,0
2029,M,19,,Standard,6,45.0,0
2030,M,44,53.3,Basic,6,73.0,0
2031,M,19,106.2,Premium,0,81.0,1
2032,F,52,73.3,Basic,5,49.0,0
2033,M,35,70.3,Standard,0,81.0,1
2034,F,31,83.3,Basic,4,75.0,0
2035,M,37,60.2,Standard,3,95.0,0
2036,F,35,70.0,Standard,1,51.0,0
2037,F,27,70.8,Standard,1,34.0,0
2038,M,42,62.3,Standard,0,50.0,1
2039,M,19,88.0,Premium,6,64.0,0
2040,M,42,66.7,Basic,4,61.0,0
2041,M,50,46.7,Basic,2,52.0,1
2042,F,53,65.5,Basic,2,22.0,1
2043,M,48,73.7,Premium,1,69.0,1
2044,M,31,56.6,Basic,3,99.0,0
2045,F,18,57.8,Standard,1,69.0,1
2046,M,63,61.8,Standard,0,72.0,1
2047,M,33,88.3,Basic,3,71.0,0
2048,M,63,62.7,Basic,2,68.0,0
2049,M,20,,Basic,6,79.0,0
2050,M,52,60.8,Basic,4,68.0,0
2051,F,58,74.9,Basic,4,54.0,0
2052,M,23,63.3,Basic,0,44.0,1
2053,M,42,81.3,Premium,1,55.0,1
2054,M,30,53.2,Premium,0,66.0,1
2055,M,51,81.1,Basic,4,54.0,0
2056,M,25,71.7,Basic,2,66.0,0
2057,F,38,60.4,Basic,4,,0
2058,M,51,67.5,Standard,3,77.0,0
2059,F,21,93.0,Premium,6,86.0,0
2060,F,42,72.1,Basic,6,62.0,0
2061,M,32,59.5,Basic,5,34.0,0
2062,M,21,51.9,Standard,4,53.0,0
2063,M,62,77.6,Standard,4,61.0,0
2064,M,29,72.9,Basic,6,23.0,0
2065,F,49,80.4,Standard,5,88.0,0
2066,M,49,48.1,Basic,3,63.0,0
2067,M,45,52.4,Basic,1,68.0,1
2068,M,30,87.2,Standard,4,87.0,0
2069,M,48,75.0,Premium,6,47.0,0
2070,M,31,78.0,Basic,0,71.0,1
2071,M,37,55.6,Premium,4,58.0,0
2072,F,35,55.3,Basic,0,56.0,1
2073,F,46,84.9,Standard,3,45.0,0
2074,M,23,85.6,Basic,4,93.0,0
2075,M,49,53.7,Premium,6,52.0,0
2076,M,46,50.8,Premium,3,74.0,0
2077,F,60,68.4,Basic,3,22.0,0
2078,M,19,58.0,Premium,1,84.0,0
2079,F,40,57.7,Premium,4,81.0,0
2080,M,36,51.2,Standard,0,62.0,1
2081,M,48,63.0,Basic,0,55.0,1
2082,M,22,52.7,Premium,4,68.0,0
2083,M,36,53.6,Premium,5,106.0,0
2084,F,51,74.5,Basic,1,25.0,1
2085,F,27,69.2,Premium,1,76.0,0
2086,M,42,77.3,Basic,1,42.0,1
2087,M,19,45.3,Basic,0,60.0,1
2088,F,28,70.1,Standard,3,55.0,0
2089,F,48,101.1,Standard,6,51.0,0
2090,F,32,64.4,Standard,5,60.0,0
2091,F,26,82.4,Basic,1,37.0,1
2092,M,40,82.2,Premium,0,81.0,1
2093,F,36,83.0,Basic,0,24.0,1
2094,M,26,72.5,Basic,3,71.0,0
2095,F,52,78.5,Basic,4,53.0,0
2096,F,38,80.5,Standard,4,37.0,0
2097,F,26,79.5,Premium,6,64.0,0
2098,F,45,53.2,Standard,6,29.0,0
2099,F,63,44.4,Premium,1,61.0,0
2100,M,24,46.7,Basic,6,32.0,0
2101,M,33,65.9,Standard,1,69.0,1
2102,F,33,78.9,Basic,5,42.0,0
2103,F,50,53.4,Basic,6,51.0,0
2104,M,21,83.9,Basic,3,66.0,0
2105,F,21,62.5,Standard,1,45.0,1
2106,F,56,62.6,Standard,3,59.0,0
2107,M,57,57.5,Standard,0,30.0,1
2108,F,34,41.7,Basic,1,73.0,1
2109,F,54,73.4,Basic,0,95.0,1
2110,M,56,95.7,Standard,2,116.0,0
2111,M,46,69.1,Basic,3,62.0,0
2112,M,53,42.2,Premium,2,76.0,0
2113,F,55,81.7,Standard,1,24.0,0
2114,M,56,45.6,Basic,0,90.0,1
2115,M,54,51.9,Premium,1,76.0,0
2116,M,52,66.4,Standard,2,50.0,0
2117,M,24,71.8,Basic,1,85.0,1
2118,M,44,54.9,Standard,5,55.0,0
2119,M,45,65.8,Basic,4,51.0,0
2120,F,39,80.7,Premium,2,70.0,0
2121,F,31,82.8,Premium,1,39.0,1
2122,M,24,88.8,Premium,0,80.0,1
2123,M,54,98.6,Standard,1,39.0,1
2124,M,39,82.1,Basic,0,39.0,1
2125,F,22,66.7,Standard,4,42.0,0
2126,F,19,82.9,Basic,1,75.0,1
2127,F,44,77.0,Standard,6,48.0,0
2128,F,38,77.6,Standard,6,33.0,0
2129,F,55,72.7,Basic,4,48.0,0
2130,F,32,56.3,Basic,2,59.0,0
2131,F,38,54.6,Premium,0,36.0,1
2132,F,27,68.5,Premium,6,37.0,0
2133,F,40,72.2,Basic,5,102.0,0
2134,M,56,59.8,Basic,2,43.0,1
2135,M,22,76.4,Basic,0,54.0,1
2136,M,18,101.2,Premium,4,53.0,0
2137,M,30,43.8,Basic,6,52.0,0
2138,F,38,78.7,Standard,3,72.0,0
2139,F,43,69.0,Basic,1,79.0,1
2140,M,62,76.8,Standard,4,54.0,0
2141,F,38,63.5,Basic,0,35.0,1
2142,M,35,67.8,Standard,0,85.0,1
2143,F,54,71.9,Basic,0,58.0,1
2144,M,62,65.5,Standard,0,95.0,1
2145,F,49,47.2,Basic,1,15.0,1
2146,F,53,66.5,Standard,2,64.0,0
2147,M,34,48.8,Premium,5,98.0,0
2148,F,52,79.8,Basic,3,53.0,0
2149,M,28,42.0,Premium,1,55.0,0
2150,M,38,85.4,Standard,0,66.0,1
2151,M,43,76.4,Basic,1,49.0,1
2152,M,21,76.5,Basic,4,54.0,0
2153,F,51,37.5,Basic,5,53.0,0
2154,F,35,65.1,Standard,0,47.0,1
2155,F,57,,Standard,3,85.0,0
2156,M,52,62.2,Basic,0,69.0,1
2157,F,58,53.8,Standard,5,65.0,0
2158,M,46,60.4,Premium,3,76.0,0
2159,F,46,69.0,Premium,5,55.0,0
2160,F,55,57.2,Standard,3,45.0,0
2161,F,59,88.5,Premium,2,48.0,0
2162,M,38,69.0,Standard,6,60.0,0
2163,F,59,61.7,Basic,2,39.0,1
2164,F,30,50.5,Premium,1,50.0,1
2165,M,58,77.3,Basic,1,50.0,1
2166,F,34,76.9,Basic,3,102.0,0
2167,M,26,58.1,Basic,0,5.0,1
2168,F,58,36.5,Premium,6,56.0,0
2169,M,18,76.2,Premium,4,95.0,0
2170,M,19,67.2,Basic,4,62.0,0
2171,F,46,75.0,Basic,0,75.0,1
2172,M,50,99.4,Basic,0,62.0,1
2173,M,27,69.6,Standard,2,47.0,0
2174,M,57,62.3,Basic,4,15.0,0
2175,M,38,,Standard,3,64.0,0
2176,M,45,65.3,Basic,5,44.0,0
2177,M,28,72.4,Basic,1,44.0,1
2178,F,51,70.8,Basic,5,50.0,0
2179,M,25,95.9,Basic,2,95.0,1
2180,M,39,77.5,Premium,4,108.0,0
2181,F,25,68.0,Basic,6,,0
2182,F,32,59.4,Basic,0,51.0,1
2183,F,34,74.0,Basic,6,36.0,0
2184,F,40,56.4,Basic,6,69.0,0
2185,F,41,72.7,Basic,4,96.0,0
2186,F,62,77.3,Basic,3,55.0,0
2187,F,36,66.8,Standard,2,12.0,0
2188,M,22,60.5,Standard,0,73.0,1
2189,M,49,37.2,Basic,5,80.0,0
2190,F,61,87.2,Basic,3,28.0,0
2191,M,18,76.0,Premium,5,64.0,0
2192,M,40,76.4,Basic,1,69.0,0
2193,M,54,46.6,Basic,2,59.0,1
2194,F,25,90.7,Basic,3,,0
2195,F,30,63.0,Basic,3,80.0,0
2196,M,25,65.7,Standard,5,52.0,0
2197,F,40,54.0,Basic,0,30.0,1
2198,M,60,43.2,Standard,1,19.0,1
2199,M,18,87.4,Basic,5,85.0,0
2200,M,62,89.3,Basic,3,72.0,0
2201,M,41,67.5,Standard,2,62.0,1
2202,F,52,59.8,Basic,3,51.0,0
2203,F,41,64.3,Standard,4,49.0,0
2204,F,34,64.8,Basic,2,38.0,1
2205,M,22,52.0,Standard,2,51.0,0
2206,F,37,65.6,Basic,3,18.0,0
2207,M,38,72.3,Premium,0,45.0,1
2208,F,57,85.3,Basic,2,54.0,1
2209,M,48,70.2,Premium,4,72.0,0
2210,M,63,46.4,Basic,5,59.0,0
2211,M,53,75.3,Standard,0,76.0,1
2212,F,28,66.2,Basic,0,87.0,1
2213,F,32,90.6,Premium,0,81.0,0
2214,F,36,91.4,Basic,2,69.0,0
2215,F,24,92.0,Basic,0,60.0,1
2216,M,45,61.6,Basic,3,40.0,0
2217,F,60,99.8,Basic,0,75.0,1
2218,F,22,75.3,Basic,4,94.0,0
2219,M,22,94.4,Premium,1,67.0,0
2220,M,47,62.5,Premium,4,98.0,0
2221,M,49,65.5,Basic,2,29.0,1
2222,F,25,74.1,Premium,0,37.0,1
2223,M,27,72.3,Standard,0,77.0,1
2224,M,55,88.8,Basic,3,65.0,0
2225,M,64,66.5,Standard,5,86.0,0
2226,F,49,87.5,Standard,0,60.0,1
2227,M,45,81.0,Premium,6,43.0,0
2228,F,34,66.8,Basic,4,56.0,0
2229,F,48,79.8,Standard,2,29.0,0
2230,M,25,62.9,Basic,1,37.0,1
2231,M,57,105.3,Basic,0,79.0,1
2232,F,42,30.0,Basic,1,77.0,0
2233,M,26,80.1,Premium,0,67.0,1
2234,M,19,43.5,Premium,2,26.0,0
2235,F,32,66.6,Standard,5,53.0,0
2236,F,20,68.7,Standard,4,36.0,0
2237,M,53,92.6,Basic,2,84.0,0
2238,F,21,59.6,Basic,1,48.0,1
2239,M,31,89.6,Basic,0,38.0,1
2240,M,58,52.3,Basic,1,61.0,1
2241,M,58,90.2,Standard,4,47.0,0
2242,F,42,62.9,Standard,6,90.0,0
2243,M,27,71.1,Basic,2,45.0,0
2244,M,38,65.0,Basic,1,32.0,1
2245,M,53,89.2,Basic,1,17.0,1
2246,F,29,86.3,Basic,4,59.0,0
2247,F,44,76.7,Premium,6,49.0,0
2248,F,57,52.7,Standard,0,31.0,1
2249,F,19,59.3,Premium,6,84.0,0
2250,F,30,54.6,Basic,1,73.0,1
2251,M,49,36.3,Basic,4,59.0,0
2252,F,48,88.9,Basic,0,87.0,1
2253,F,33,65.1,Premium,6,73.0,0
2254,F,49,64.9,Standard,6,44.0,0
2255,M,49,92.4,Basic,6,39.0,0
2256,F,51,62.9,Standard,5,76.0,0
2257,F,28,57.4,Basic,0,68.0,1
2258,M,27,66.6,Standard,6,63.0,0
2259,F,32,53.0,Premium,5,43.0,0
2260,M,34,75.2,Standard,2,72.0,0
2261,M,57,64.4,Standard,4,45.0,0
2262,M,35,62.4,Basic,6,58.0,0
2263,M,26,61.1,Basic,0,89.0,1
2264,M,42,68.4,Basic,5,47.0,0
2265,F,57,71.3,Basic,5,29.0,0
2266,M,31,62.2,Standard,2,39.0,0
2267,M,42,64.6,Standard,3,80.0,0
2268,F,39,68.8,Basic,4,65.0,0
2269,M,47,67.3,Premium,3,57.0,0
2270,F,37,70.5,Basic,0,50.0,1
2271,F,38,59.8,Basic,4,70.0,0
2272,F,61,85.1,Basic,2,43.0,1
2273,M,49,71.5,Basic,0,66.0,1
2274,M,63,62.4,Basic,4,45.0,0
2275,M,38,75.2,Basic,4,42.0,1
2276,F,52,68.9,Basic,3,47.0,0
2277,M,49,44.0,Premium,0,52.0,1
2278,M,47,75.1,Basic,2,59.0,0
2279,M,56,54.7,Basic,2,65.0,0
2280,F,29,84.0,Basic,0,-14.0,1
2281,F,58,66.4,Standard,0,44.0,1
2282,M,64,81.7,Basic,5,52.0,0
2283,M,35,60.5,Premium,1,90.0,0
2284,M,38,71.0,Standard,3,38.0,0
2285,M,30,88.2,Standard,0,63.0,1
2286,F,38,66.0,Standard,0,90.0,1
2287,F,25,61.1,Basic,1,34.0,1
2288,F,63,79.8,Basic,1,68.0,1
2289,F,57,79.5,Basic,4,44.0,0
2290,M,63,61.8,Standard,6,50.0,0
2291,M,24,40.2,Basic,2,44.0,0
2292,M,40,60.8,Basic,3,45.0,0
2293,F,61,80.2,Premium,4,114.0,0
2294,M,49,58.4,Basic,0,77.0,1
2295,F,28,69.8,Premium,1,82.0,0
2296,F,39,60.1,Standard,5,70.0,0
2297,M,39,41.0,Basic,2,28.0,1
2298,M,60,59.9,Basic,4,68.0,0
2299,M,42,80.1,Basic,5,81.0,0
2300,F,39,34.4,Standard,2,43.0,0
2301,M,45,73.8,Standard,6,79.0,0
2302,F,46,52.2,Standard,6,74.0,0
2303,M,30,79.1,Premium,5,97.0,0
2304,F,35,80.7,Standard,1,52.0,1
2305,F,19,67.4,Basic,4,38.0,0
2306,M,46,67.5,Basic,4,53.0,0
2307,F,38,57.9,Premium,6,89.0,0
2308,F,32,49.8,Basic,2,23.0,1
2309,M,44,95.5,Basic,5,19.0,0
2310,F,48,57.0,Standard,1,62.0,1
2311,M,32,93.5,Basic,0,51.0,1
2312,F,40,57.1,Premium,4,60.0,0
2313,M,41,77.9,Standard,0,79.0,1
2314,M,61,52.9,Basic,1,49.0,1
2315,F,30,77.9,Premium,6,23.0,0
2316,F,39,65.1,Basic,4,101.0,0
2317,F,60,65.3,Basic,4,40.0,0
2318,F,54,79.2,Basic,5,39.0,0
2319,F,50,63.0,Basic,0,82.0,1
2320,M,20,48.6,Basic,6,52.0,0
2321,F,36,81.4,Basic,5,59.0,0
2322,M,40,52.8,Basic,3,70.0,0
2323,M,46,77.7,Basic,0,82.0,1
2324,F,47,84.6,Standard,0,53.0,1
2325,M,56,64.4,Premium,3,90.0,0
2326,M,61,87.7,Basic,1,17.0,1
2327,M,64,77.2,Basic,1,75.0,1
2328,M,42,59.6,Basic,4,43.0,0
2329,F,54,91.0,Basic,2,87.0,0
2330,M,64,52.9,Standard,5,63.0,0
2331,F,25,64.3,Standard,2,47.0,0
2332,F,59,66.9,Basic,4,73.0,0
2333,M,33,79.1,Basic,2,,1
2334,F,25,86.7,Basic,0,73.0,1
2335,F,18,85.8,Standard,0,39.0,1
2336,F,61,73.4,Basic,3,50.0,0
2337,M,22,65.8,Premium,3,60.0,0
2338,F,20,42.6,Standard,4,59.0,0
2339,F,18,50.3,Basic,4,75.0,0
2340,F,21,96.5,Standard,6,20.0,0
2341,M,57,42.5,Premium,4,67.0,0
2342,F,52,58.2,Standard,0,54.0,1
2343,M,49,87.2,Basic,2,43.0,0
2344,M,59,73.1,Basic,5,45.0,0
2345,M,51,83.9,Premium,6,56.0,0
2346,M,60,78.1,Standard,6,-12.0,0
2347,M,42,92.0,Standard,6,46.0,0
2348,M,27,74.4,Premium,4,42.0,0
2349,F,38,80.0,Premium,4,71.0,0
2350,M,63,59.1,Premium,0,44.0,1
2351,F,56,78.8,Basic,5,56.0,0
2352,F,44,64.1,Standard,0,91.0,1
2353,M,44,63.2,Standard,5,80.0,0
2354,F,19,83.4,Standard,0,78.0,1
2355,F,58,83.5,Standard,2,50.0,1
2356,F,30,95.3,Basic,4,71.0,0
2357,F,26,94.3,Standard,1,55.0,1
2358,M,53,83.8,Standard,1,56.0,1
2359,F,39,44.2,Basic,4,68.0,0
2360,M,59,97.4,Basic,6,48.0,0
2361,F,43,83.8,Basic,4,90.0,0
2362,F,29,58.5,Basic,4,57.0,0
2363,M,34,80.9,Basic,4,72.0,0
2364,F,31,54.4,Basic,6,89.0,0
2365,F,31,79.3,Standard,5,81.0,0
2366,F,51,50.3,Standard,2,32.0,0
2367,M,37,57.9,Standard,1,69.0,0
2368,F,28,80.6,Premium,3,77.0,0
2369,M,33,86.1,Basic,1,78.0,1
2370,F,48,74.9,Basic,1,38.0,1
2371,M,23,65.7,Premium,6,47.0,0
2372,M,36,38.3,Basic,0,80.0,1
2373,F,54,66.9,Premium,4,45.0,0
2374,F,21,78.0,Premium,4,54.0,0
2375,M,64,65.2,Standard,4,92.0,0
2376,M,21,69.7,Premium,0,59.0,0
2377,F,37,67.2,Basic,6,45.0,0
2378,M,27,65.2,Basic,2,42.0,1
2379,F,41,71.1,Standard,2,67.0,0
2380,F,52,65.9,Basic,6,33.0,0
2381,F,43,91.6,Premium,3,55.0,0
2382,F,54,36.9,Basic,2,67.0,1
2383,M,55,61.8,Standard,6,,0
2384,F,38,56.9,Standard,2,73.0,0
2385,M,57,73.3,Standard,4,46.0,0
2386,F,56,71.2,Basic,5,84.0,0
2387,M,38,94.3,Basic,6,54.0,0
2388,F,27,99.3,Premium,1,35.0,1
2389,M,55,58.4,Basic,2,57.0,1
2390,M,63,70.0,Premium,2,89.0,0
2391,F,21,72.9,Standard,0,63.0,1
2392,F,62,58.0,Standard,3,60.0,0
2393,F,37,79.4,Standard,5,93.0,0
2394,F,34,66.4,Basic,0,31.0,1
2395,M,24,54.0,Standard,4,34.0,0
2396,F,21,,Premium,1,28.0,1
2397,M,46,55.0,Basic,3,67.0,0
2398,M,31,85.5,Premium,0,63.0,1
2399,F,20,98.5,Basic,6,91.0,0
2400,M,41,73.7,Basic,2,65.0,0
2401,M,54,71.7,Basic,2,52.0,0
2402,M,33,72.3,Premium,3,60.0,0
2403,M,21,87.7,Basic,2,62.0,0
2404,F,41,87.4,Premium,6,27.0,0
2405,F,51,68.3,Premium,0,114.0,0
2406,F,47,73.8,Basic,0,70.0,1
2407,F,35,79.8,Basic,2,64.0,0
2408,M,36,52.9,Standard,2,72.0,0
2409,M,48,88.2,Basic,4,,0
2410,F,36,96.0,Standard,1,57.0,1
2411,F,63,87.5,Basic,3,47.0,1
2412,F,36,51.3,Basic,0,72.0,1
2413,M,39,40.4,Standard,3,68.0,0
2414,F,41,80.6,Basic,4,44.0,0
2415,F,62,58.6,Basic,0,88.0,1
2416,F,29,74.3,Basic,4,66.0,0
2417,M,47,93.0,Basic,4,75.0,0
2418,M,55,60.1,Standard,5,88.0,0
2419,M,48,64.3,Premium,2,60.0,0
2420,M,53,74.2,Basic,6,66.0,0
2421,M,36,50.5,Standard,5,76.0,0
2422,M,62,58.6,Standard,3,46.0,0
2423,M,53,70.4,Basic,6,61.0,0
2424,M,47,,Basic,3,63.0,0
2425,F,50,79.1,Premium,2,41.0,0
2426,F,35,111.5,Standard,6,106.0,0
2427,M,45,71.5,Standard,5,32.0,0
2428,M,64,57.4,Standard,3,34.0,0
2429,F,28,91.3,Basic,5,86.0,0
2430,M,62,46.2,Standard,2,74.0,0
2431,M,50,49.2,Standard,6,39.0,0
2432,M,34,61.1,Standard,6,72.0,0
2433,F,23,65.8,Basic,0,,1
2434,F,21,60.7,Basic,4,59.0,0
2435,F,37,69.5,Basic,4,112.0,0
2436,F,64,74.1,Premium,5,26.0,0
2437,F,44,86.0,Basic,6,74.0,0
2438,M,32,71.4,Basic,3,83.0,0
2439,F,23,61.6,Basic,5,78.0,0
2440,M,64,85.2,Basic,5,56.0,0
2441,M,31,57.7,Standard,1,54.0,1
2442,F,28,45.5,Standard,6,69.0,0
2443,F,56,88.1,Standard,4,,0
2444,M,26,87.1,Basic,6,72.0,0
2445,M,43,58.1,Standard,2,81.0,0
2446,M,33,64.0,Basic,5,40.0,0
2447,F,22,56.2,Basic,1,55.0,1
2448,F,27,74.9,Basic,1,41.0,1
2449,F,20,96.0,Basic,4,52.0,0
2450,F,30,80.5,Basic,4,80.0,0
2451,F,60,85.5,Standard,4,62.0,0
2452,M,47,82.3,Standard,2,112.0,0
2453,F,62,70.0,Premium,1,64.0,1
2454,M,23,86.3,Basic,3,61.0,0
2455,M,34,81.2,Basic,2,62.0,0
2456,M,62,91.6,Basic,0,47.0,1
2457,F,36,63.1,Premium,5,59.0,0
2458,F,59,,Standard,4,83.0,0
2459,F,52,85.7,Standard,1,62.0,0
2460,M,63,75.2,Basic,5,44.0,0
2461,M,43,65.6,Standard,6,41.0,0
2462,M,22,66.4,Basic,2,51.0,1
2463,M,46,108.3,Standard,0,61.0,1
2464,M,54,60.4,Premium,6,84.0,0
2465,M,37,57.2,Premium,2,33.0,0
2466,F,38,71.3,Standard,2,54.0,0
2467,F,27,87.7,Basic,3,63.0,0
2468,F,22,104.2,Premium,5,23.0,0
2469,F,53,79.9,Standard,3,43.0,0
2470,M,23,50.9,Basic,2,46.0,0
2471,M,43,99.6,Basic,0,44.0,1
2472,F,21,69.7,Basic,1,64.0,1
2473,M,56,57.4,Basic,1,57.0,1
2474,F,56,53.8,Basic,6,49.0,0
2475,F,52,82.5,Standard,5,69.0,0
2476,F,18,73.6,Basic,4,94.0,0
2477,M,41,75.2,Basic,4,93.0,0
2478,F,53,89.3,Standard,1,22.0,1
2479,F,23,58.0,Premium,2,72.0,0
2480,F,58,90.5,Standard,2,56.0,0
2481,M,63,62.2,Basic,3,63.0,0
2482,M,61,102.5,Premium,5,52.0,0
2483,F,48,79.0,Premium,3,62.0,0
2484,M,37,56.2,Basic,4,63.0,0
2485,M,41,39.6,Basic,1,48.0,1
2486,M,42,82.1,Standard,6,42.0,0
2487,M,53,64.4,Premium,2,51.0,0
2488,M,38,67.7,Premium,1,65.0,0
2489,M,47,81.5,Premium,0,72.0,1
2490,M,41,85.2,Standard,1,77.0,0
2491,M,61,88.4,Standard,0,50.0,1
2492,M,59,52.4,Basic,3,66.0,0
2493,M,47,91.4,Basic,3,79.0,0
2494,F,39,61.3,Basic,4,83.0,0
2495,F,45,36.2,Standard,1,59.0,1
2496,M,24,52.3,Standard,1,56.0,1
2497,F,52,73.3,Standard,0,64.0,1
2498,F,45,55.3,Basic,3,,0
2499,M,31,68.7,Standard,0,56.0,1
2500,M,27,,Basic,3,75.0,0
2501,M,33,67.3,Basic,0,73.0,1
2502,F,33,62.6,Standard,3,55.0,0
2503,F,48,51.2,Standard,0,64.0,0
2504,M,59,70.3,Premium,6,44.0,0
2505,M,42,39.0,Basic,3,74.0,0
2506,M,30,59.7,Basic,5,58.0,0
2507,F,23,56.1,Basic,0,54.0,1
2508,F,61,,Basic,1,53.0,1
2509,F,26,66.8,Premium,4,59.0,0
2510,F,62,84.4,Standard,5,51.0,0
2511,M,53,93.8,Premium,5,73.0,0
2512,M,60,53.2,Basic,0,52.0,1
2513,M,37,99.9,Premium,4,92.0,0
2514,M,35,58.3,Basic,1,89.0,1
2515,F,60,72.6,Premium,5,42.0,0
2516,F,38,77.7,Basic,1,61.0,1
2517,M,21,106.7,Basic,3,47.0,0
2518,M,50,61.9,Standard,6,53.0,0
2519,F,44,43.0,Premium,4,100.0,0
2520,M,24,,Basic,6,54.0,0
2521,F,23,57.5,Basic,2,67.0,0
2522,M,32,64.6,Premium,3,71.0,0
2523,M,35,53.2,Basic,4,40.0,0
2524,M,49,64.6,Basic,0,43.0,1
2525,M,28,57.4,Basic,6,36.0,0
2526,M,37,80.1,Basic,0,42.0,1
2527,M,41,71.2,Premium,1,3.0,0
2528,M,32,59.8,Standard,5,71.0,0
2529,F,24,84.9,Standard,6,101.0,0
2530,F,38,73.8,Premium,2,63.0,0
2531,F,59,42.3,Basic,0,32.0,1
2532,F,43,83.8,Basic,4,47.0,0
2533,F,61,72.8,Basic,6,51.0,0
2534,M,31,90.9,Basic,6,40.0,0
2535,M,54,71.9,Basic,5,77.0,0
2536,F,38,58.1,Premium,5,76.0,0
2537,M,35,66.9,Standard,4,37.0,0
2538,F,22,82.1,Basic,5,75.0,0
2539,F,20,58.4,Standard,0,91.0,1
2540,M,40,63.4,Standard,4,98.0,0
2541,M,43,66.7,Premium,4,117.0,0
2542,M,54,52.8,Premium,1,42.0,0
2543,F,41,58.7,Standard,2,116.0,0
2544,M,36,72.6,Standard,6,53.0,0
2545,F,42,88.0,Standard,1,48.0,0
2546,F,38,74.8,Standard,2,67.0,1
2547,F,29,69.3,Basic,4,48.0,0
2548,M,58,57.5,Basic,6,68.0,0
2549,M,50,86.4,Standard,5,34.0,0
2550,F,21,76.5,Basic,2,55.0,1
2551,M,59,59.4,Basic,4,86.0,0
2552,M,24,83.5,Standard,4,59.0,0
2553,M,39,78.4,Basic,1,63.0,1
2554,F,50,57.8,Standard,1,70.0,1
2555,F,34,68.5,Standard,5,83.0,0
2556,M,41,62.6,Premium,3,27.0,0
2557,F,51,,Basic,0,72.0,1
2558,M,45,78.0,Basic,3,55.0,0
2559,M,60,72.8,Standard,3,63.0,0
2560,M,58,77.1,Premium,6,81.0,0
2561,M,56,90.7,Premium,6,36.0,0
2562,F,39,68.7,Basic,5,40.0,0
2563,F,34,61.2,Basic,6,21.0,0
2564,F,51,82.7,Premium,2,49.0,0
2565,M,23,67.4,Basic,5,87.0,0
2566,M,63,54.0,Standard,5,58.0,0
2567,M,23,51.0,Basic,4,33.0,0
2568,F,51,92.9,Basic,4,50.0,0
2569,M,18,72.0,Basic,4,30.0,0
2570,F,27,61.2,Basic,0,37.0,1
2571,F,38,66.5,Standard,2,68.0,0
2572,F,22,82.1,Premium,2,37.0,0
2573,F,19,65.6,Basic,4,82.0,0
2574,F,39,48.3,Premium,3,59.0,0
2575,F,19,74.9,Basic,0,62.0,1
2576,M,27,88.1,Standard,3,54.0,0
2577,M,51,87.1,Basic,1,75.0,1
2578,F,33,61.6,Premium,2,76.0,0
2579,F,56,89.0,Standard,2,67.0,0
2580,M,39,73.2,Standard,3,71.0,0
2581,F,29,88.6,Premium,0,56.0,1
2582,F,41,78.6,Standard,2,71.0,0
2583,M,64,47.2,Premium,3,53.0,0
2584,F,57,96.2,Standard,5,60.0,0
2585,F,55,70.8,Premium,5,55.0,0
2586,F,27,78.7,Standard,6,51.0,0
2587,M,52,49.8,Basic,0,46.0,1
2588,M,49,77.6,Standard,3,69.0,0
2589,M,24,86.5,Basic,6,86.0,0
2590,F,38,99.0,Standard,5,83.0,0
2591,F,37,91.0,Basic,0,35.0,1
2592,M,43,78.3,Standard,6,86.0,0
2593,F,21,46.8,Basic,4,54.0,0
2594,F,63,72.0,Basic,0,72.0,1
2595,F,39,61.1,Basic,1,42.0,1
2596,F,32,73.5,Premium,4,63.0,0
2597,F,57,51.8,Basic,6,66.0,0
2598,M,38,66.8,Basic,3,30.0,0
2599,F,32,62.2,Standard,4,72.0,0
2600,M,39,61.8,Standard,4,87.0,0
2601,F,45,61.9,Basic,6,57.0,0
2602,M,31,68.0,Basic,3,87.0,0
2603,F,44,74.3,Basic,3,56.0,0
2604,M,58,32.5,Premium,5,,0
2605,F,57,34.4,Basic,1,16.0,1
2606,M,45,64.9,Basic,3,108.0,0
2607,F,43,,Basic,2,90.0,1
2608,M,19,72.8,Basic,2,54.0,1
2609,F,42,59.1,Standard,1,21.0,1
2610,M,20,70.1,Basic,0,66.0,1
2611,M,25,71.9,Basic,6,31.0,0
2612,F,61,59.0,Basic,0,69.0,1
2613,F,50,85.2,Basic,2,68.0,1
2614,M,59,72.7,Basic,3,41.0,1
2615,F,52,78.2,Premium,1,82.0,1
2616,M,23,71.0,Standard,0,,1
2617,M,56,101.6,Premium,0,80.0,1
2618,M,40,78.9,Premium,6,60.0,0
2619,F,42,62.7,Standard,4,32.0,0
2620,M,60,82.3,Basic,2,80.0,0
2621,M,36,45.4,Standard,3,55.0,0
2622,F,22,71.8,Premium,1,32.0,1
2623,F,28,74.8,Standard,0,87.0,1
2624,F,29,72.0,Standard,6,102.0,0
2625,F,27,65.0,Basic,4,59.0,0
2626,M,25,54.8,Premium,2,,0
2627,M,41,58.2,Standard,2,62.0,0
2628,M,45,71.5,Premium,6,52.0,0
2629,M,58,53.3,Basic,1,47.0,1
2630,F,53,96.6,Basic,0,93.0,1
2631,M,54,30.4,Basic,1,44.0,1
2632,M,38,65.1,Standard,6,75.0,0
2633,F,25,71.7,Basic,6,49.0,0
2634,M,26,,Basic,1,51.0,1
2635,M,64,56.3,Premium,5,81.0,0
2636,M,32,87.0,Basic,4,52.0,0
2637,M,63,49.1,Premium,2,52.0,0
2638,M,57,61.5,Basic,5,83.0,0
2639,M,35,79.3,Premium,3,92.0,0
2640,F,59,85.6,Standard,2,73.0,0
2641,F,37,48.9,Premium,2,47.0,0
2642,M,23,109.7,Premium,4,50.0,0
2643,M,29,56.5,Basic,3,62.0,0
2644,F,19,50.3,Basic,0,66.0,1
2645,M,24,77.5,Basic,3,40.0,0
2646,M,33,64.8,Standard,0,74.0,1
2647,M,20,62.6,Premium,3,62.0,0
2648,F,62,78.9,Basic,1,26.0,1
2649,M,20,47.1,Standard,6,41.0,0
2650,F,44,44.5,Basic,3,50.0,0
2651,M,60,61.0,Premium,5,59.0,0
2652,F,57,86.2,Premium,5,98.0,0
2653,F,55,61.7,Basic,4,65.0,0
2654,M,50,94.0,Basic,6,43.0,0
2655,F,45,88.0,Basic,6,64.0,0
2656,M,18,74.2,Standard,0,53.0,1
2657,F,25,75.1,Standard,2,66.0,0
2658,M,54,74.2,Basic,4,72.0,0
2659,M,49,72.4,Basic,5,84.0,0
2660,F,60,64.5,Basic,5,60.0,0
2661,M,54,66.2,Standard,0,93.0,1
2662,M,21,54.0,Standard,5,78.0,0
2663,F,47,36.8,Basic,5,46.0,0
2664,M,23,86.6,Standard,0,104.0,0
2665,M,63,72.4,Standard,5,67.0,0
2666,F,36,70.1,Basic,2,43.0,1
2667,F,49,76.0,Basic,1,93.0,1
2668,M,26,57.6,Standard,4,102.0,0
2669,M,29,55.0,Premium,2,59.0,0
2670,F,28,65.7,Basic,2,50.0,1
2671,F,63,90.5,Basic,1,57.0,1
2672,M,33,52.5,Basic,6,74.0,0
2673,F,18,30.6,Standard,4,86.0,0
2674,M,62,62.2,Basic,2,71.0,1
2675,M,38,87.1,Basic,5,62.0,0
2676,M,47,44.0,Standard,1,90.0,1
2677,M,30,52.3,Standard,6,,0
2678,M,51,74.0,Basic,4,81.0,0
2679,F,21,108.5,Basic,3,54.0,0
2680,F,45,49.6,Standard,0,69.0,1
2681,F,55,49.0,Basic,5,58.0,0
2682,F,48,75.1,Basic,1,59.0,1
2683,M,44,88.1,Premium,0,52.0,1
2684,M,22,60.6,Basic,6,87.0,0
2685,M,42,45.7,Standard,6,45.0,0
2686,M,20,76.5,Premium,3,45.0,0
2687,F,50,79.2,Basic,2,102.0,0
2688,M,21,96.7,Basic,2,80.0,0
2689,M,42,79.9,Standard,4,12.0,0
2690,F,37,82.4,Premium,1,49.0,0
2691,F,51,66.1,Premium,1,24.0,0
2692,F,43,106.6,Standard,6,41.0,0
2693,F,22,64.0,Basic,4,-3.0,0
2694,M,52,60.8,Standard,0,57.0,1
2695,M,45,97.1,Basic,2,37.0,1
2696,F,46,47.9,Basic,2,61.0,1
2697,M,26,42.3,Basic,6,27.0,0
2698,M,55,71.8,Basic,1,62.0,1
2699,M,23,70.0,Standard,6,52.0,0
2700,F,36,66.6,Basic,1,90.0,0
2701,M,61,84.9,Basic,4,88.0,0
2702,F,28,56.4,Basic,3,76.0,0
2703,M,19,71.0,Premium,0,53.0,1
2704,M,64,64.6,Standard,5,100.0,0
2705,M,61,56.6,Basic,3,29.0,0
2706,F,61,69.1,Basic,3,32.0,0
2707,M,26,82.8,Basic,1,58.0,1
2708,F,38,,Premium,1,105.0,0
2709,F,41,78.7,Standard,1,56.0,1
2710,F,51,32.3,Standard,3,56.0,0
2711,M,39,69.4,Standard,6,31.0,0
2712,M,20,70.7,Basic,0,79.0,1
2713,M,29,84.0,Premium,6,79.0,0
2714,M,45,72.8,Standard,1,76.0,0
2715,F,47,88.8,Basic,2,47.0,0
2716,F,43,75.9,Basic,6,46.0,0
2717,F,38,93.4,Standard,0,34.0,1
2718,M,45,63.4,Premium,2,62.0,0
2719,F,43,72.2,Basic,0,38.0,1
2720,M,50,82.4,Premium,1,36.0,0
2721,F,38,61.4,Standard,6,52.0,0
2722,M,52,58.1,Basic,5,50.0,0
2723,M,51,60.6,Basic,4,49.0,0
2724,F,58,58.8,Basic,1,69.0,1
2725,F,64,77.8,Standard,3,62.0,0
2726,F,35,42.5,Basic,5,54.0,0
2727,F,28,46.7,Basic,3,64.0,0
2728,M,40,97.9,Standard,0,40.0,1
2729,F,39,59.1,Standard,3,62.0,0
2730,F,34,73.0,Basic,5,63.0,0
2731,F,22,47.7,Basic,5,30.0,0
2732,M,61,71.4,Basic,1,,0
2733,M,28,59.2,Standard,2,42.0,1
2734,F,47,46.6,Premium,1,62.0,0
2735,M,32,90.1,Basic,0,83.0,1
2736,F,44,87.7,Premium,3,79.0,0
2737,M,52,68.4,Standard,2,61.0,0
2738,M,50,85.0,Standard,6,53.0,0
2739,M,37,98.5,Standard,4,79.0,0
2740,M,33,81.3,Basic,5,73.0,0
2741,F,51,77.2,Basic,2,48.0,0
2742,F,19,73.0,Standard,6,44.0,0
2743,F,52,79.7,Standard,2,19.0,0
2744,M,57,64.5,Standard,1,63.0,1
2745,F,45,65.9,Basic,6,58.0,0
2746,F,64,76.8,Premium,4,83.0,0
2747,F,56,62.9,Standard,5,67.0,0
2748,M,23,64.5,Basic,0,87.0,1
2749,M,26,70.0,Basic,0,,1
2750,M,37,87.3,Standard,2,83.0,0
2751,F,18,53.0,Standard,6,49.0,0
2752,F,25,81.4,Basic,2,76.0,0
2753,F,40,81.9,Premium,3,31.0,0
2754,M,20,81.8,Basic,4,65.0,0
2755,M,21,57.9,Basic,5,20.0,0
2756,F,42,44.6,Premium,2,55.0,0
2757,M,64,78.4,Premium,3,69.0,0
2758,M,55,72.8,Standard,6,50.0,0
2759,M,32,85.1,Premium,4,39.0,0
2760,M,38,59.5,Basic,5,77.0,0
2761,F,52,,Premium,0,58.0,1
2762,M,63,85.8,Basic,3,50.0,0
2763,M,31,68.6,Basic,6,61.0,0
2764,M,53,76.3,Basic,4,,0
2765,M,29,75.7,Basic,3,83.0,0
2766,F,34,57.7,Basic,2,83.0,0
2767,F,56,78.0,Basic,1,69.0,1
2768,M,26,94.3,Basic,0,63.0,1
2769,M,52,70.3,Basic,2,12.0,0
2770,M,30,48.1,Standard,2,46.0,0
2771,M,32,59.7,Basic,6,50.0,0
2772,M,35,43.3,Basic,6,23.0,0
2773,M,50,89.4,Standard,4,37.0,0
2774,F,23,81.5,Premium,6,20.0,0
2775,M,44,,Standard,3,59.0,0
2776,F,40,48.7,Basic,0,76.0,1
2777,F,44,57.5,Standard,2,82.0,0
2778,M,51,60.4,Basic,4,68.0,0
2779,F,63,,Basic,0,41.0,1
2780,F,55,71.1,Basic,6,21.0,0
2781,F,31,90.1,Premium,6,25.0,0
2782,F,53,59.6,Basic,3,35.0,0
2783,F,25,47.4,Basic,6,42.0,0
2784,F,52,52.6,Basic,2,57.0,0
2785,M,36,69.7,Premium,5,40.0,0
2786,F,47,59.1,Standard,2,67.0,0
2787,F,31,65.6,Basic,2,55.0,1
2788,F,37,63.2,Standard,6,60.0,0
2789,M,42,84.9,Standard,0,,0
2790,F,57,61.2,Standard,6,36.0,0
2791,M,41,64.3,Basic,0,68.0,1
2792,F,31,80.8,Premium,0,60.0,1
2793,M,43,61.5,Basic,0,53.0,1
2794,M,55,76.3,Standard,4,78.0,0
2795,F,40,75.0,Basic,1,78.0,1
2796,F,39,72.1,Basic,6,41.0,0
2797,M,36,53.0,Basic,4,56.0,0
2798,F,63,88.4,Standard,2,66.0,1
2799,M,20,103.3,Basic,4,55.0,0
2800,M,59,70.1,Standard,3,72.0,0
2801,M,36,54.3,Basic,5,66.0,0
2802,M,26,70.4,Standard,0,97.0,1
2803,M,45,84.8,Premium,6,29.0,0
2804,F,37,60.8,Standard,3,58.0,0
2805,M,62,68.1,Standard,6,42.0,0
2806,M,24,75.1,Standard,5,72.0,0
2807,F,31,88.0,Basic,3,28.0,0
2808,M,26,81.6,Premium,6,67.0,0
2809,F,36,82.3,Basic,2,47.0,1
2810,F,64,63.6,Standard,0,45.0,1
2811,F,31,76.0,Standard,3,31.0,0
2812,M,55,59.2,Basic,2,51.0,1
2813,M,53,82.7,Basic,0,82.0,1
2814,M,57,87.3,Basic,1,59.0,1
2815,F,34,78.3,Premium,2,73.0,0
2816,M,47,64.5,Premium,4,93.0,0
2817,F,26,66.9,Standard,6,65.0,0
2818,M,50,97.1,Standard,0,49.0,1
2819,F,42,64.7,Premium,3,69.0,0
2820,M,31,85.7,Basic,5,49.0,0
2821,M,28,75.1,Basic,3,50.0,0
2822,M,52,65.0,Standard,4,30.0,0
2823,F,58,49.8,Premium,6,79.0,0
2824,F,31,73.2,Premium,4,52.0,0
2825,M,47,71.4,Basic,3,64.0,0
2826,M,58,97.1,Basic,6,39.0,0
2827,F,21,57.1,Basic,5,69.0,0
2828,F,21,104.4,Basic,0,45.0,1
2829,F,45,75.7,Basic,6,57.0,0
2830,M,25,75.7,Standard,2,78.0,0
2831,F,19,61.1,Basic,6,76.0,0
2832,M,58,74.7,Premium,4,60.0,0
2833,F,63,77.1,Basic,4,25.0,1
2834,M,39,84.1,Standard,4,120.0,0
2835,F,58,55.3,Basic,5,95.0,0
2836,F,33,91.1,Basic,6,74.0,0
2837,F,46,75.4,Basic,6,45.0,0
2838,F,47,79.1,Premium,1,58.0,0
2839,F,29,66.7,Premium,5,49.0,0
2840,M,52,56.1,Basic,0,85.0,1
2841,F,28,71.1,Basic,0,65.0,1
2842,F,63,72.8,Premium,0,44.0,1
2843,F,38,49.2,Basic,0,51.0,1
2844,M,38,81.9,Basic,0,82.0,1
2845,F,22,84.9,Standard,3,92.0,0
2846,M,37,59.1,Premium,4,91.0,0
2847,F,54,54.7,Basic,5,75.0,0
2848,F,20,65.5,Basic,3,55.0,0
2849,M,61,70.4,Premium,5,-5.0,0
2850,F,50,66.0,Basic,1,66.0,1
2851,M,26,69.1,Basic,6,60.0,0
2852,M,26,73.3,Standard,2,63.0,0
2853,F,21,49.5,Premium,4,,0
2854,M,52,51.2,Basic,1,33.0,0
2855,F,34,29.2,Premium,3,71.0,0
2856,F,51,84.1,Standard,2,73.0,0
2857,M,41,70.2,Basic,6,74.0,0
2858,M,49,85.7,Premium,1,79.0,0
2859,M,18,52.9,Basic,6,72.0,0
2860,M,25,70.4,Basic,6,52.0,0
2861,F,62,73.2,Standard,5,59.0,0
2862,F,40,61.6,Basic,2,62.0,0
2863,M,64,46.7,Basic,5,62.0,0
2864,F,57,96.2,Basic,6,80.0,0
2865,F,29,91.0,Basic,1,73.0,1
2866,F,29,64.3,Premium,6,102.0,0
2867,F,63,77.7,Standard,3,104.0,0
2868,M,64,62.7,Premium,6,62.0,0
2869,M,32,55.1,Basic,5,-17.0,0
2870,F,58,97.4,Basic,2,85.0,0
2871,M,36,45.2,Basic,1,49.0,1
2872,M,43,65.7,Basic,5,44.0,0
2873,M,46,71.3,Basic,6,52.0,0
2874,F,39,94.8,Standard,3,51.0,0
2875,F,57,83.4,Premium,4,72.0,0
2876,F,38,44.9,Premium,3,29.0,0
2877,M,55,70.0,Basic,6,38.0,0
2878,F,37,70.3,Premium,3,67.0,0
2879,F,46,66.6,Basic,4,72.0,0
2880,M,21,79.3,Basic,3,73.0,0
2881,F,24,48.9,Premium,4,44.0,0
2882,F,45,63.9,Standard,6,40.0,0
2883,M,45,77.2,Basic,4,50.0,0
2884,M,21,80.2,Basic,5,65.0,0
2885,M,39,72.2,Basic,5,90.0,0
2886,F,29,65.7,Standard,4,19.0,0
2887,F,62,68.2,Basic,1,56.0,1
2888,F,20,81.1,Premium,2,33.0,0
2889,M,39,70.5,Basic,1,27.0,1
2890,M,61,54.4,Basic,4,79.0,0
2891,F,19,51.5,Basic,2,71.0,1
2892,F,41,47.7,Standard,5,69.0,0
2893,M,51,91.8,Basic,2,78.0,0
2894,M,44,82.1,Standard,4,50.0,0
2895,M,58,68.4,Premium,5,51.0,0
2896,M,18,63.2,Premium,2,104.0,0
2897,F,25,61.4,Premium,2,55.0,0
2898,M,40,86.4,Premium,1,75.0,0
2899,F,55,98.6,Standard,2,60.0,0
2900,F,23,60.9,Premium,6,23.0,0
2901,F,39,87.1,Basic,4,19.0,0
2902,M,42,70.4,Basic,0,48.0,1
2903,M,35,66.8,Basic,0,81.0,1
2904,M,34,92.6,Basic,0,76.0,1
2905,M,29,69.8,Basic,4,78.0,0
2906,F,23,74.4,Premium,0,40.0,1
2907,M,43,73.7,Basic,1,92.0,1
2908,M,44,45.6,Basic,4,41.0,0
2909,F,25,74.3,Standard,6,64.0,0
2910,M,36,61.6,Basic,5,60.0,0
2911,F,59,48.7,Basic,6,57.0,0
2912,F,18,62.2,Basic,4,87.0,0
2913,F,46,62.1,Basic,4,46.0,0
2914,F,62,85.4,Basic,2,33.0,1
2915,F,52,54.0,Standard,2,60.0,1
2916,F,57,58.2,Standard,2,52.0,0
2917,F,31,73.5,Basic,3,128.0,0
2918,F,52,50.1,Basic,1,74.0,1
2919,M,62,60.1,Basic,4,52.0,0
2920,M,37,45.0,Standard,6,39.0,0
2921,M,30,83.8,Basic,4,22.0,0
2922,M,55,65.5,Basic,2,39.0,1
2923,F,63,69.8,Standard,4,62.0,0
2924,M,25,83.7,Basic,5,89.0,0
2925,F,60,59.2,Basic,4,82.0,0
2926,M,37,65.3,Basic,6,65.0,0
2927,M,50,54.2,Premium,0,54.0,1
2928,M,43,54.1,Premium,5,65.0,0
2929,F,56,56.2,Standard,5,50.0,0
2930,M,38,62.6,Basic,4,94.0,0
2931,F,59,64.2,Standard,3,56.0,0
2932,F,60,74.3,Premium,2,58.0,0
2933,M,58,56.6,Premium,1,16.0,0
2934,M,26,74.8,Basic,1,56.0,1
2935,M,41,77.3,Premium,0,77.0,1
2936,F,54,63.0,Basic,1,39.0,1
2937,M,58,57.9,Basic,1,45.0,1
2938,F,34,71.3,Standard,2,76.0,0
2939,F,41,67.0,Basic,2,30.0,1
2940,M,38,73.3,Premium,3,81.0,0
2941,M,56,93.5,Basic,6,49.0,0
2942,F,58,71.0,Standard,0,52.0,1
2943,F,56,60.4,Premium,1,38.0,1
2944,F,30,56.6,Premium,3,68.0,0
2945,M,28,57.2,Basic,0,109.0,1
2946,F,63,48.1,Basic,5,76.0,0
2947,M,36,84.0,Standard,1,43.0,1
2948,F,28,36.5,Basic,1,83.0,0
2949,F,30,77.3,Premium,2,54.0,0
2950,M,63,57.0,Premium,4,87.0,0
2951,F,62,62.3,Basic,0,76.0,1
2952,M,18,56.5,Basic,1,1.0,1
2953,M,57,91.7,Basic,0,40.0,1
2954,F,61,70.2,Premium,6,79.0,0
2955,M,36,81.9,Basic,3,63.0,0
2956,M,29,89.5,Basic,3,40.0,0
2957,F,25,72.5,Basic,4,47.0,0
2958,M,25,52.1,Standard,1,22.0,1
2959,M,62,66.7,Basic,6,58.0,0
2960,M,29,58.9,Basic,2,104.0,1
2961,F,50,62.4,Premium,1,76.0,1
2962,M,62,68.6,Premium,0,104.0,1
2963,F,43,68.0,Standard,5,78.0,0
2964,F,56,76.2,Basic,3,81.0,0
2965,M,45,78.4,Basic,0,99.0,1
2966,M,22,68.0,Standard,4,68.0,0
2967,M,25,76.1,Basic,3,56.0,0
2968,F,42,61.8,Premium,2,81.0,0
2969,M,44,89.7,Standard,3,89.0,0
2970,M,63,61.5,Basic,5,50.0,0
2971,M,40,88.0,Premium,6,46.0,0
2972,M,47,47.9,Premium,1,63.0,1
2973,M,62,64.3,Basic,5,77.0,0
2974,F,64,65.0,Standard,6,76.0,0
2975,F,40,74.2,Basic,5,32.0,0
2976,M,64,82.9,Basic,1,98.0,1
2977,M,37,51.3,Basic,3,47.0,0
2978,M,35,53.4,Standard,4,55.0,0
2979,M,35,49.0,Premium,1,42.0,0
2980,F,19,89.8,Standard,1,114.0,0
2981,M,21,,Basic,6,65.0,0
2982,F,47,53.7,Standard,2,43.0,0
2983,F,50,63.4,Basic,3,77.0,0
2984,M,53,87.7,Premium,1,75.0,0
2985,F,35,65.8,Basic,4,56.0,0
2986,F,54,64.9,Basic,0,77.0,1
2987,F,36,58.3,Basic,3,43.0,0
2988,F,64,54.6,Standard,2,50.0,0
2989,M,45,87.7,Basic,5,20.0,0
2990,M,57,95.1,Standard,1,34.0,1
2991,F,37,55.2,Basic,4,96.0,0
2992,M,50,,Basic,3,93.0,0
2993,M,29,62.7,Basic,4,61.0,0
2994,M,32,78.0,Premium,4,93.0,0
2995,M,58,91.2,Premium,6,57.0,0
2996,M,56,67.8,Basic,5,55.0,0
2997,F,19,65.1,Basic,2,61.0,0
2998,M,46,82.0,Basic,3,58.0,0
2999,M,58,53.4,Standard,1,56.0,1
3000,M,27,87.2,Basic,2,83.0,0
